0140001;014;ANDRES;\N;ESPINOSA;TORO;AESPINOSAT@UFPSO.EDU.CO;+573147751158;$2a$12$LQv3c1yqBWVHxkd0LHAkCOYz6TtxMaJqHtuBap2VMXpqQ8P/U1.O2;N;N;N;2025-03-23 18:27:04;\N;2025-06-09 11:09:30
0140002;014;ANGELA;FERNEY;FUENTES;LOZANO;AFFUENTESL@UFPSO.EDU.CO;+573006098175;$2a$12$LQv3c1yqBWVHxkd0LHAkCOYz6TtxMaJqHtuBap2VMXpqQ8P/U1.O2;Y;N;N;2025-03-22 20:42:24;\N;2026-04-07 16:25:35
0140003;014;DIEGO;SERGIO;NAVARRO;NARANJO;DSNAVARRON@UFPSO.EDU.CO;+573139647849;$2a$12$LQv3c1yqBWVHxkd0LHAkCOYz6TtxMaJqHtuBap2VMXpqQ8P/U1.O2;Y;Y;N;2023-10-05 21:28:28;\N;2026-05-23 12:42:05
0140004;014;PAOLA;\N;SUAREZ;FUENTES;PSUAREZF@UFPSO.EDU.CO;+573244262081;$2a$12$LQv3c1yqBWVHxkd0LHAkCOYz6TtxMaJqHtuBap2VMXpqQ8P/U1.O2;Y;Y;Y;2025-09-13 16:14:51;\N;2026-03-02 09:29:26
0140005;014;MONICA;ANDRES;BARRERA;AMAYA;MABARRERAA@UFPSO.EDU.CO;+573113950888;$2a$12$LQv3c1yqBWVHxkd0LHAkCOYz6TtxMaJqHtuBap2VMXpqQ8P/U1.O2;Y;N;N;2023-04-18 11:41:44;\N;2026-05-17 10:49:27
0140006;014;ANGELA;\N;ROMERO;DUARTE;AROMEROD@UFPSO.EDU.CO;+573208159521;$2a$12$LQv3c1yqBWVHxkd0LHAkCOYz6TtxMaJqHtuBap2VMXpqQ8P/U1.O2;N;N;N;2025-09-16 10:29:08;\N;2026-02-27 08:09:00
0140007;014;MARIA;\N;RIVERA;FONSECA;MRIVERAF@UFPSO.EDU.CO;+573209130188;$2a$12$LQv3c1yqBWVHxkd0LHAkCOYz6TtxMaJqHtuBap2VMXpqQ8P/U1.O2;N;N;N;2026-03-30 15:48:15;\N;\N
0140008;014;XIMENA;ALBERTO;MEDINA;DAVILA;XAMEDINAD@UFPSO.EDU.CO;+573163563646;$2a$12$LQv3c1yqBWVHxkd0LHAkCOYz6TtxMaJqHtuBap2VMXpqQ8P/U1.O2;Y;N;N;2025-02-20 16:15:17;\N;2025-11-21 11:09:14
0140009;014;MONICA;SERGIO;GONZALEZ;BECERRA;MSGONZALEZB@UFPSO.EDU.CO;+573227381734;$2a$12$LQv3c1yqBWVHxkd0LHAkCOYz6TtxMaJqHtuBap2VMXpqQ8P/U1.O2;Y;Y;Y;2025-05-16 17:34:29;\N;2026-05-17 07:54:56
0140010;014;HELENA;JOSE;MENDOZA;WILCHES;HJMENDOZAW@UFPSO.EDU.CO;+573179147720;$2a$12$LQv3c1yqBWVHxkd0LHAkCOYz6TtxMaJqHtuBap2VMXpqQ8P/U1.O2;Y;N;N;2023-10-22 20:34:47;\N;2025-12-27 22:14:17
0140011;014;CARLOS;ANDRES;SUAREZ;SERRANO;CASUAREZS@UFPSO.EDU.CO;+573501454696;$2a$12$LQv3c1yqBWVHxkd0LHAkCOYz6TtxMaJqHtuBap2VMXpqQ8P/U1.O2;N;N;N;2025-10-26 12:53:29;\N;2025-11-10 08:31:05
0140012;014;HECTOR;LUIS;TORRES;ECHEVERRI;HLTORRESE@UFPSO.EDU.CO;+573175232413;$2a$12$LQv3c1yqBWVHxkd0LHAkCOYz6TtxMaJqHtuBap2VMXpqQ8P/U1.O2;Y;Y;Y;2024-03-18 08:16:24;\N;2026-02-06 15:48:53
0140013;014;HECTOR;\N;RODRIGUEZ;JARAMILLO;HRODRIGUEZJ@UFPSO.EDU.CO;+573003556551;$2a$12$LQv3c1yqBWVHxkd0LHAkCOYz6TtxMaJqHtuBap2VMXpqQ8P/U1.O2;Y;N;N;2023-07-28 18:14:41;\N;2025-11-11 07:15:12
0140014;014;TOMAS;ALEJANDRO;ACOSTA;SERRANO;TAACOSTAS@UFPSO.EDU.CO;+573056218367;$2a$12$LQv3c1yqBWVHxkd0LHAkCOYz6TtxMaJqHtuBap2VMXpqQ8P/U1.O2;Y;Y;N;2024-03-01 13:29:44;\N;2026-05-11 10:49:52
0140015;014;IVAN;\N;RODRIGUEZ;WILCHES;IRODRIGUEZW@UFPSO.EDU.CO;+573233030966;$2a$12$LQv3c1yqBWVHxkd0LHAkCOYz6TtxMaJqHtuBap2VMXpqQ8P/U1.O2;Y;Y;N;2023-05-22 19:45:12;\N;2025-11-27 16:54:43
0140016;014;NATALIA;MARIA;MENDOZA;JARAMILLO;NMMENDOZAJ@UFPSO.EDU.CO;+573248713146;$2a$12$LQv3c1yqBWVHxkd0LHAkCOYz6TtxMaJqHtuBap2VMXpqQ8P/U1.O2;Y;Y;Y;2024-05-20 18:04:32;\N;2026-03-06 10:27:23
0140017;014;MONICA;ALEJANDRO;NAVARRO;OCAMPO;MANAVARROO@UFPSO.EDU.CO;+573112453962;$2a$12$LQv3c1yqBWVHxkd0LHAkCOYz6TtxMaJqHtuBap2VMXpqQ8P/U1.O2;N;N;N;2024-06-13 15:39:51;\N;2024-10-04 07:00:45
0140018;014;ALEJANDRO;\N;RUIZ;ECHEVERRI;ARUIZE@UFPSO.EDU.CO;+573235635017;$2a$12$LQv3c1yqBWVHxkd0LHAkCOYz6TtxMaJqHtuBap2VMXpqQ8P/U1.O2;Y;Y;Y;2024-06-25 19:21:01;\N;2026-01-30 15:21:17
0140019;014;MARIA;JOSE;DUARTE;PRADA;MJDUARTEP@UFPSO.EDU.CO;+573198519121;$2a$12$LQv3c1yqBWVHxkd0LHAkCOYz6TtxMaJqHtuBap2VMXpqQ8P/U1.O2;Y;N;N;2025-08-05 14:46:26;\N;2026-04-26 22:41:45
0140020;014;CARLOS;DANIEL;CASTRO;RESTREPO;CDCASTROR@UFPSO.EDU.CO;+573185545223;$2a$12$LQv3c1yqBWVHxkd0LHAkCOYz6TtxMaJqHtuBap2VMXpqQ8P/U1.O2;Y;Y;Y;2024-05-14 14:19:42;\N;2026-02-17 17:22:44
0140021;014;JUAN;ANTONIO;JIMENEZ;JAIMES;JAJIMENEZJ@UFPSO.EDU.CO;+573195638893;$2a$12$LQv3c1yqBWVHxkd0LHAkCOYz6TtxMaJqHtuBap2VMXpqQ8P/U1.O2;Y;N;N;2024-03-21 17:07:47;\N;2025-12-18 13:13:47
0140022;014;CLAUDIA;\N;DUARTE;OSORIO;CDUARTEO@UFPSO.EDU.CO;+573015901239;$2a$12$LQv3c1yqBWVHxkd0LHAkCOYz6TtxMaJqHtuBap2VMXpqQ8P/U1.O2;Y;Y;Y;2024-04-13 10:53:12;\N;2026-05-01 11:17:02
0140023;014;ANGELA;ALEJANDRO;BARRERA;IBARRA;AABARRERAI@UFPSO.EDU.CO;+573169250138;$2a$12$LQv3c1yqBWVHxkd0LHAkCOYz6TtxMaJqHtuBap2VMXpqQ8P/U1.O2;Y;Y;Y;2024-07-18 16:30:30;\N;2026-03-03 10:52:04
0140024;014;GABRIEL;\N;LOPEZ;MORA;GLOPEZM@UFPSO.EDU.CO;+573168558378;$2a$12$LQv3c1yqBWVHxkd0LHAkCOYz6TtxMaJqHtuBap2VMXpqQ8P/U1.O2;Y;N;N;2024-08-22 16:05:15;\N;2026-04-05 14:49:33
0140025;014;FERNANDA;FERNEY;NAVARRO;WILCHES;FFNAVARROW@UFPSO.EDU.CO;+573051044891;$2a$12$LQv3c1yqBWVHxkd0LHAkCOYz6TtxMaJqHtuBap2VMXpqQ8P/U1.O2;Y;Y;Y;2025-07-30 10:48:13;\N;2026-01-01 12:35:04
0140026;014;CAROLINA;\N;ACOSTA;VEGA;CACOSTAV@UFPSO.EDU.CO;+573244318855;$2a$12$LQv3c1yqBWVHxkd0LHAkCOYz6TtxMaJqHtuBap2VMXpqQ8P/U1.O2;Y;N;N;2026-02-05 14:18:45;\N;2026-02-16 05:18:01
0140027;014;DIANA;FELIPE;ESPINOSA;RESTREPO;DFESPINOSAR@UFPSO.EDU.CO;+573186101803;$2a$12$LQv3c1yqBWVHxkd0LHAkCOYz6TtxMaJqHtuBap2VMXpqQ8P/U1.O2;Y;Y;Y;2023-03-25 15:52:09;\N;2026-05-11 16:28:07
0140028;014;ANGELA;ANDRES;MEDINA;HOYOS;AAMEDINAH@UFPSO.EDU.CO;+573501348050;$2a$12$LQv3c1yqBWVHxkd0LHAkCOYz6TtxMaJqHtuBap2VMXpqQ8P/U1.O2;Y;Y;Y;2023-06-21 21:05:38;\N;2026-01-04 07:05:14
0140029;014;LINA;ANTONIO;IBARRA;CONTRERAS;LAIBARRAC@UFPSO.EDU.CO;+573157850944;$2a$12$LQv3c1yqBWVHxkd0LHAkCOYz6TtxMaJqHtuBap2VMXpqQ8P/U1.O2;Y;Y;N;2023-03-31 22:33:41;\N;2026-02-20 22:05:30
0140030;014;SERGIO;WILMAR;SANCHEZ;NIETO;SWSANCHEZN@UFPSO.EDU.CO;+573145234550;$2a$12$LQv3c1yqBWVHxkd0LHAkCOYz6TtxMaJqHtuBap2VMXpqQ8P/U1.O2;Y;N;N;2025-04-26 20:44:31;\N;2026-05-14 08:29:05
0140031;014;CAMILO;FELIPE;GUERRERO;HOYOS;CFGUERREROH@UFPSO.EDU.CO;+573105480460;$2a$12$LQv3c1yqBWVHxkd0LHAkCOYz6TtxMaJqHtuBap2VMXpqQ8P/U1.O2;Y;Y;N;2024-07-15 21:26:03;\N;2026-04-10 21:48:03
0140032;014;MARIA;ALEJANDRO;CASTRO;DAVILA;MACASTROD@UFPSO.EDU.CO;+573024769851;$2a$12$LQv3c1yqBWVHxkd0LHAkCOYz6TtxMaJqHtuBap2VMXpqQ8P/U1.O2;Y;Y;Y;2024-11-16 10:01:40;\N;2026-03-22 07:35:26
0140033;014;JORGE;\N;RAMIREZ;RINCON;JRAMIREZR@UFPSO.EDU.CO;+573213426689;$2a$12$LQv3c1yqBWVHxkd0LHAkCOYz6TtxMaJqHtuBap2VMXpqQ8P/U1.O2;Y;Y;Y;2025-03-12 22:59:45;\N;2026-03-04 22:15:29
0140034;014;CRISTIAN;SERGIO;CONTRERAS;LOZANO;CSCONTRERASL@UFPSO.EDU.CO;+573139214801;$2a$12$LQv3c1yqBWVHxkd0LHAkCOYz6TtxMaJqHtuBap2VMXpqQ8P/U1.O2;N;N;N;2024-02-18 15:49:50;\N;2024-07-04 23:08:36
0140035;014;MIGUEL;\N;ESPINOSA;FONSECA;MESPINOSAF@UFPSO.EDU.CO;+573117891662;$2a$12$LQv3c1yqBWVHxkd0LHAkCOYz6TtxMaJqHtuBap2VMXpqQ8P/U1.O2;Y;Y;Y;2023-05-14 17:35:48;\N;2025-12-19 14:36:24
0140036;014;DAVID;WILMAR;ACOSTA;FRANCO;DWACOSTAF@UFPSO.EDU.CO;+573182672884;$2a$12$LQv3c1yqBWVHxkd0LHAkCOYz6TtxMaJqHtuBap2VMXpqQ8P/U1.O2;Y;N;N;2026-03-22 11:31:02;\N;2026-04-13 22:26:56
0140037;014;KAREN;\N;GARCIA;MORA;KGARCIAM@UFPSO.EDU.CO;+573509952696;$2a$12$LQv3c1yqBWVHxkd0LHAkCOYz6TtxMaJqHtuBap2VMXpqQ8P/U1.O2;Y;Y;N;2023-05-30 11:04:30;\N;2026-02-10 09:54:21
0140038;014;CRISTIAN;WILMAR;BARRERA;JARAMILLO;CWBARRERAJ@UFPSO.EDU.CO;+573242686231;$2a$12$LQv3c1yqBWVHxkd0LHAkCOYz6TtxMaJqHtuBap2VMXpqQ8P/U1.O2;Y;Y;Y;2023-02-24 09:15:40;\N;2025-11-24 20:06:48
0140039;014;FERNANDA;CAMILO;VARGAS;BARRERA;FCVARGASB@UFPSO.EDU.CO;+573053851852;$2a$12$LQv3c1yqBWVHxkd0LHAkCOYz6TtxMaJqHtuBap2VMXpqQ8P/U1.O2;Y;Y;Y;2025-02-12 17:50:03;\N;2026-03-16 20:36:43
0140040;014;OSCAR;DANIEL;ORTEGA;PACHECO;ODORTEGAP@UFPSO.EDU.CO;+573185825658;$2a$12$LQv3c1yqBWVHxkd0LHAkCOYz6TtxMaJqHtuBap2VMXpqQ8P/U1.O2;Y;Y;Y;2024-04-02 22:58:37;\N;2026-01-05 07:57:51
0140041;014;VIVIANA;\N;RIVERA;ESPINOSA;VRIVERAE@UFPSO.EDU.CO;+573192789344;$2a$12$LQv3c1yqBWVHxkd0LHAkCOYz6TtxMaJqHtuBap2VMXpqQ8P/U1.O2;Y;Y;Y;2025-05-25 18:37:19;\N;2026-01-17 13:24:54
0140042;014;TOMAS;ANDRES;IBARRA;DURAN;TAIBARRAD@UFPSO.EDU.CO;+573501822825;$2a$12$LQv3c1yqBWVHxkd0LHAkCOYz6TtxMaJqHtuBap2VMXpqQ8P/U1.O2;Y;N;N;2024-06-27 16:44:18;\N;2026-02-10 15:00:36
0140043;014;PATRICIA;\N;CASTRO;RESTREPO;PCASTROR@UFPSO.EDU.CO;+573241661401;$2a$12$LQv3c1yqBWVHxkd0LHAkCOYz6TtxMaJqHtuBap2VMXpqQ8P/U1.O2;Y;Y;N;2025-05-02 14:40:12;\N;2026-04-18 11:40:06
0140044;014;JUAN;\N;MARTINEZ;NARANJO;JMARTINEZN@UFPSO.EDU.CO;+573217138070;$2a$12$LQv3c1yqBWVHxkd0LHAkCOYz6TtxMaJqHtuBap2VMXpqQ8P/U1.O2;Y;N;N;2024-10-16 11:05:58;\N;2025-12-15 13:08:50
0140045;014;KAREN;\N;MEDINA;NIETO;KMEDINAN@UFPSO.EDU.CO;+573507667458;$2a$12$LQv3c1yqBWVHxkd0LHAkCOYz6TtxMaJqHtuBap2VMXpqQ8P/U1.O2;Y;Y;Y;2023-09-18 22:51:18;\N;2025-11-20 11:48:14
0140046;014;MARIA;JAVIER;PEREZ;AMAYA;MJPEREZA@UFPSO.EDU.CO;+573152817745;$2a$12$LQv3c1yqBWVHxkd0LHAkCOYz6TtxMaJqHtuBap2VMXpqQ8P/U1.O2;Y;Y;N;2025-02-04 15:34:07;\N;2026-03-30 19:52:40
0140047;014;VIVIANA;ALBERTO;ACOSTA;BARRERA;VAACOSTAB@UFPSO.EDU.CO;+573011624315;$2a$12$LQv3c1yqBWVHxkd0LHAkCOYz6TtxMaJqHtuBap2VMXpqQ8P/U1.O2;Y;Y;N;2026-04-21 17:58:39;\N;2026-05-12 14:05:47
0140048;014;JUAN;\N;RAMIREZ;IBARRA;JRAMIREZI@UFPSO.EDU.CO;+573047960607;$2a$12$LQv3c1yqBWVHxkd0LHAkCOYz6TtxMaJqHtuBap2VMXpqQ8P/U1.O2;Y;N;N;2023-04-16 11:24:29;\N;2026-04-28 20:37:47
0140049;014;LEIDY;FELIPE;BARRERA;PACHECO;LFBARRERAP@UFPSO.EDU.CO;+573217017548;$2a$12$LQv3c1yqBWVHxkd0LHAkCOYz6TtxMaJqHtuBap2VMXpqQ8P/U1.O2;Y;Y;N;2025-10-27 15:02:44;\N;2026-02-01 10:43:23
0140050;014;FABIAN;ANDRES;MEDINA;PRADA;FAMEDINAP@UFPSO.EDU.CO;+573224442778;$2a$12$LQv3c1yqBWVHxkd0LHAkCOYz6TtxMaJqHtuBap2VMXpqQ8P/U1.O2;Y;Y;N;2023-08-15 21:05:42;\N;2025-11-13 17:15:08
0170001;017;GABRIEL;\N;MORALES;NARANJO;GMORALESN@UFPSO.EDU.CO;+573045205279;$2a$12$LQv3c1yqBWVHxkd0LHAkCOYz6TtxMaJqHtuBap2VMXpqQ8P/U1.O2;Y;N;N;2025-09-08 14:21:49;\N;2025-11-01 15:54:09
0170002;017;OSCAR;FELIPE;RODRIGUEZ;LOZANO;OFRODRIGUEZL@UFPSO.EDU.CO;+573202906718;$2a$12$LQv3c1yqBWVHxkd0LHAkCOYz6TtxMaJqHtuBap2VMXpqQ8P/U1.O2;Y;Y;Y;2025-02-04 18:50:50;\N;2025-11-14 11:47:26
0170003;017;JENNIFER;DANIEL;ACOSTA;DAVILA;JDACOSTAD@UFPSO.EDU.CO;+573002020480;$2a$12$LQv3c1yqBWVHxkd0LHAkCOYz6TtxMaJqHtuBap2VMXpqQ8P/U1.O2;Y;Y;N;2025-10-15 10:28:32;\N;2026-04-18 16:29:41
0170004;017;HELENA;ANDRES;NAVARRO;TORO;HANAVARROT@UFPSO.EDU.CO;+573126455706;$2a$12$LQv3c1yqBWVHxkd0LHAkCOYz6TtxMaJqHtuBap2VMXpqQ8P/U1.O2;Y;N;N;2023-08-11 22:45:58;\N;2026-01-22 11:04:08
0170005;017;CRISTIAN;\N;DUARTE;VEGA;CDUARTEV@UFPSO.EDU.CO;+573117942639;$2a$12$LQv3c1yqBWVHxkd0LHAkCOYz6TtxMaJqHtuBap2VMXpqQ8P/U1.O2;Y;N;N;2025-11-08 20:06:50;\N;2026-04-25 09:34:18
0170006;017;SERGIO;\N;GUERRERO;BECERRA;SGUERREROB@UFPSO.EDU.CO;+573022564141;$2a$12$LQv3c1yqBWVHxkd0LHAkCOYz6TtxMaJqHtuBap2VMXpqQ8P/U1.O2;Y;Y;Y;2024-02-25 17:27:20;\N;2026-03-02 09:05:53
0170007;017;DIANA;FELIPE;SILVA;LOZANO;DFSILVAL@UFPSO.EDU.CO;+573015825620;$2a$12$LQv3c1yqBWVHxkd0LHAkCOYz6TtxMaJqHtuBap2VMXpqQ8P/U1.O2;Y;N;N;2024-07-30 17:42:07;\N;2026-05-12 20:55:58
0170008;017;PATRICIA;FERNEY;MENDOZA;IBARRA;PFMENDOZAI@UFPSO.EDU.CO;+573124794319;$2a$12$LQv3c1yqBWVHxkd0LHAkCOYz6TtxMaJqHtuBap2VMXpqQ8P/U1.O2;Y;N;N;2023-06-24 13:09:42;\N;2026-01-29 18:07:48
0170009;017;DIANA;\N;FUENTES;BARRERA;DFUENTESB@UFPSO.EDU.CO;+573227724045;$2a$12$LQv3c1yqBWVHxkd0LHAkCOYz6TtxMaJqHtuBap2VMXpqQ8P/U1.O2;Y;Y;Y;2025-04-10 07:11:17;\N;2025-11-02 12:55:09
0170010;017;GABRIEL;ALEJANDRO;RODRIGUEZ;FUENTES;GARODRIGUEZF@UFPSO.EDU.CO;+573043640899;$2a$12$LQv3c1yqBWVHxkd0LHAkCOYz6TtxMaJqHtuBap2VMXpqQ8P/U1.O2;Y;Y;Y;2023-11-27 13:24:26;\N;2026-01-23 09:56:03
0170011;017;LINA;\N;LOPEZ;TORO;LLOPEZT@UFPSO.EDU.CO;+573035752087;$2a$12$LQv3c1yqBWVHxkd0LHAkCOYz6TtxMaJqHtuBap2VMXpqQ8P/U1.O2;Y;Y;Y;2023-08-04 15:28:42;\N;2025-12-26 10:22:27
0170012;017;VIVIANA;\N;BARRERA;INFANTE;VBARRERAI@UFPSO.EDU.CO;+573106056977;$2a$12$LQv3c1yqBWVHxkd0LHAkCOYz6TtxMaJqHtuBap2VMXpqQ8P/U1.O2;N;N;N;2024-04-19 08:14:25;\N;\N
0170013;017;RICARDO;ALEJANDRO;HERRERA;VEGA;RAHERRERAV@UFPSO.EDU.CO;+573506941939;$2a$12$LQv3c1yqBWVHxkd0LHAkCOYz6TtxMaJqHtuBap2VMXpqQ8P/U1.O2;Y;Y;Y;2023-10-06 10:00:31;\N;2026-04-30 14:32:35
0170014;017;GABRIEL;ANDRES;MARTINEZ;CARDENAS;GAMARTINEZC@UFPSO.EDU.CO;+573161349914;$2a$12$LQv3c1yqBWVHxkd0LHAkCOYz6TtxMaJqHtuBap2VMXpqQ8P/U1.O2;N;N;N;2026-02-03 21:58:04;\N;2026-08-05 18:16:11
0170015;017;CAMILO;CAMILO;ROMERO;ESCOBAR;CCROMEROE@UFPSO.EDU.CO;+573116587964;$2a$12$LQv3c1yqBWVHxkd0LHAkCOYz6TtxMaJqHtuBap2VMXpqQ8P/U1.O2;Y;Y;Y;2024-02-23 20:54:06;\N;2026-02-10 16:47:21
0170016;017;JOHANNA;CAMILO;GONZALEZ;HOYOS;JCGONZALEZH@UFPSO.EDU.CO;+573045294434;$2a$12$LQv3c1yqBWVHxkd0LHAkCOYz6TtxMaJqHtuBap2VMXpqQ8P/U1.O2;Y;N;N;2025-03-02 13:57:49;\N;2026-04-15 11:15:06
0170017;017;PABLO;CAMILO;FLORES;RINCON;PCFLORESR@UFPSO.EDU.CO;+573226422534;$2a$12$LQv3c1yqBWVHxkd0LHAkCOYz6TtxMaJqHtuBap2VMXpqQ8P/U1.O2;Y;N;N;2023-08-03 12:49:40;\N;2026-05-14 21:43:59
0170018;017;XIMENA;WILMAR;FLORES;DAVILA;XWFLORESD@UFPSO.EDU.CO;+573181630944;$2a$12$LQv3c1yqBWVHxkd0LHAkCOYz6TtxMaJqHtuBap2VMXpqQ8P/U1.O2;Y;Y;Y;2024-02-18 22:28:40;\N;2026-03-10 09:19:29
0170019;017;FABIAN;JAVIER;CASTRO;ESPINOSA;FJCASTROE@UFPSO.EDU.CO;+573224158134;$2a$12$LQv3c1yqBWVHxkd0LHAkCOYz6TtxMaJqHtuBap2VMXpqQ8P/U1.O2;Y;Y;N;2026-04-24 09:39:38;\N;2026-05-20 18:08:36
0170020;017;CAMILO;\N;ACOSTA;HOYOS;CACOSTAH@UFPSO.EDU.CO;+573518344365;$2a$12$LQv3c1yqBWVHxkd0LHAkCOYz6TtxMaJqHtuBap2VMXpqQ8P/U1.O2;N;N;N;2025-08-22 08:28:06;\N;2025-09-24 20:30:21
0170021;017;FERNANDA;\N;DUARTE;PACHECO;FDUARTEP@UFPSO.EDU.CO;+573246614484;$2a$12$LQv3c1yqBWVHxkd0LHAkCOYz6TtxMaJqHtuBap2VMXpqQ8P/U1.O2;Y;Y;Y;2025-08-24 18:23:58;\N;2026-04-03 08:50:40
0170022;017;GABRIEL;WILMAR;SANCHEZ;LEAL;GWSANCHEZL@UFPSO.EDU.CO;+573046869018;$2a$12$LQv3c1yqBWVHxkd0LHAkCOYz6TtxMaJqHtuBap2VMXpqQ8P/U1.O2;N;N;N;2024-10-21 16:16:46;\N;2024-12-04 01:54:28
0170023;017;JUAN;ANDRES;TORRES;OSORIO;JATORRESO@UFPSO.EDU.CO;+573179531021;$2a$12$LQv3c1yqBWVHxkd0LHAkCOYz6TtxMaJqHtuBap2VMXpqQ8P/U1.O2;Y;Y;Y;2023-03-08 16:35:24;\N;2026-04-29 09:41:42
0170024;017;MAURICIO;JOSE;SILVA;WILCHES;MJSILVAW@UFPSO.EDU.CO;+573039517619;$2a$12$LQv3c1yqBWVHxkd0LHAkCOYz6TtxMaJqHtuBap2VMXpqQ8P/U1.O2;Y;Y;Y;2023-08-30 13:21:49;\N;2025-11-20 16:54:50
0170025;017;JOHANNA;\N;DUARTE;CONTRERAS;JDUARTEC@UFPSO.EDU.CO;+573017893063;$2a$12$LQv3c1yqBWVHxkd0LHAkCOYz6TtxMaJqHtuBap2VMXpqQ8P/U1.O2;Y;Y;N;2024-10-09 11:38:24;\N;2026-04-09 12:46:28
0170026;017;MAURICIO;ALBERTO;MOLINA;PACHECO;MAMOLINAP@UFPSO.EDU.CO;+573107171347;$2a$12$LQv3c1yqBWVHxkd0LHAkCOYz6TtxMaJqHtuBap2VMXpqQ8P/U1.O2;Y;N;N;2025-04-14 21:14:34;\N;2026-05-20 22:57:53
0170027;017;VIVIANA;\N;MOLINA;ECHEVERRI;VMOLINAE@UFPSO.EDU.CO;+573019062973;$2a$12$LQv3c1yqBWVHxkd0LHAkCOYz6TtxMaJqHtuBap2VMXpqQ8P/U1.O2;Y;Y;Y;2025-09-25 19:32:33;\N;2026-04-04 11:55:16
0170028;017;MAURICIO;\N;SANCHEZ;INFANTE;MSANCHEZI@UFPSO.EDU.CO;+573186865064;$2a$12$LQv3c1yqBWVHxkd0LHAkCOYz6TtxMaJqHtuBap2VMXpqQ8P/U1.O2;Y;Y;Y;2024-08-15 16:05:48;\N;2026-02-20 09:58:14
0170029;017;CARLOS;LUIS;LOPEZ;AMAYA;CLLOPEZA@UFPSO.EDU.CO;+573246625238;$2a$12$LQv3c1yqBWVHxkd0LHAkCOYz6TtxMaJqHtuBap2VMXpqQ8P/U1.O2;N;N;N;2024-06-08 18:15:24;\N;2024-06-20 05:09:09
0170030;017;MIGUEL;ALEJANDRO;MARTINEZ;VEGA;MAMARTINEZV@UFPSO.EDU.CO;+573049854536;$2a$12$LQv3c1yqBWVHxkd0LHAkCOYz6TtxMaJqHtuBap2VMXpqQ8P/U1.O2;Y;Y;N;2024-05-31 11:48:45;\N;2025-11-05 15:13:53
0170031;017;DIANA;FELIPE;CASTRO;SALCEDO;DFCASTROS@UFPSO.EDU.CO;+573199993490;$2a$12$LQv3c1yqBWVHxkd0LHAkCOYz6TtxMaJqHtuBap2VMXpqQ8P/U1.O2;Y;N;N;2023-09-30 10:03:15;\N;2026-02-26 09:07:53
0170032;017;CARLOS;\N;IBARRA;SALCEDO;CIBARRAS@UFPSO.EDU.CO;+573029825812;$2a$12$LQv3c1yqBWVHxkd0LHAkCOYz6TtxMaJqHtuBap2VMXpqQ8P/U1.O2;Y;Y;Y;2023-03-23 16:27:00;\N;2026-04-20 09:33:23
0170033;017;LAURA;\N;CONTRERAS;LEAL;LCONTRERASL@UFPSO.EDU.CO;+573026784825;$2a$12$LQv3c1yqBWVHxkd0LHAkCOYz6TtxMaJqHtuBap2VMXpqQ8P/U1.O2;Y;Y;Y;2024-07-20 19:55:30;\N;2026-05-11 07:22:50
0170034;017;TOMAS;FELIPE;SUAREZ;LOZANO;TFSUAREZL@UFPSO.EDU.CO;+573508795078;$2a$12$LQv3c1yqBWVHxkd0LHAkCOYz6TtxMaJqHtuBap2VMXpqQ8P/U1.O2;N;N;N;2023-02-26 18:34:21;\N;\N
0170035;017;ANGELA;\N;GOMEZ;LOZANO;AGOMEZL@UFPSO.EDU.CO;+573207681090;$2a$12$LQv3c1yqBWVHxkd0LHAkCOYz6TtxMaJqHtuBap2VMXpqQ8P/U1.O2;Y;N;N;2023-03-03 21:02:18;\N;2025-11-11 17:59:19
0170036;017;LAURA;\N;HERRERA;CONTRERAS;LHERRERAC@UFPSO.EDU.CO;+573158330827;$2a$12$LQv3c1yqBWVHxkd0LHAkCOYz6TtxMaJqHtuBap2VMXpqQ8P/U1.O2;Y;N;N;2024-03-20 16:22:55;\N;2026-01-24 15:07:51
0170037;017;ANDREA;\N;ORTEGA;CANO;AORTEGAC@UFPSO.EDU.CO;+573028224389;$2a$12$LQv3c1yqBWVHxkd0LHAkCOYz6TtxMaJqHtuBap2VMXpqQ8P/U1.O2;Y;N;N;2025-03-20 22:44:31;\N;2026-01-08 09:46:27
0170038;017;PATRICIA;CAMILO;ESPINOSA;VEGA;PCESPINOSAV@UFPSO.EDU.CO;+573158501590;$2a$12$LQv3c1yqBWVHxkd0LHAkCOYz6TtxMaJqHtuBap2VMXpqQ8P/U1.O2;Y;Y;N;2024-04-23 10:05:20;\N;2026-02-18 12:44:28
0170039;017;DAVID;JAVIER;NAVARRO;URIBE;DJNAVARROU@UFPSO.EDU.CO;+573238351320;$2a$12$LQv3c1yqBWVHxkd0LHAkCOYz6TtxMaJqHtuBap2VMXpqQ8P/U1.O2;Y;Y;N;2025-07-29 09:42:40;\N;2025-12-11 07:09:54
0170040;017;DAVID;ALEJANDRO;GONZALEZ;SALCEDO;DAGONZALEZS@UFPSO.EDU.CO;+573023310140;$2a$12$LQv3c1yqBWVHxkd0LHAkCOYz6TtxMaJqHtuBap2VMXpqQ8P/U1.O2;Y;Y;Y;2024-10-16 18:24:36;\N;2026-02-03 18:28:48
0170041;017;KAREN;JAVIER;GUERRERO;BERNAL;KJGUERREROB@UFPSO.EDU.CO;+573128487220;$2a$12$LQv3c1yqBWVHxkd0LHAkCOYz6TtxMaJqHtuBap2VMXpqQ8P/U1.O2;Y;Y;Y;2024-04-12 14:07:01;\N;2026-03-24 10:16:49
0170042;017;RICARDO;\N;CASTRO;GUZMAN;RCASTROG@UFPSO.EDU.CO;+573512089496;$2a$12$LQv3c1yqBWVHxkd0LHAkCOYz6TtxMaJqHtuBap2VMXpqQ8P/U1.O2;Y;Y;N;2023-09-04 10:08:54;\N;2025-11-23 17:42:22
0170043;017;MARIA;\N;CASTRO;WILCHES;MCASTROW@UFPSO.EDU.CO;+573007054838;$2a$12$LQv3c1yqBWVHxkd0LHAkCOYz6TtxMaJqHtuBap2VMXpqQ8P/U1.O2;Y;Y;Y;2024-08-24 12:50:23;\N;2025-12-06 14:50:31
0170044;017;MARIA;\N;SILVA;ECHEVERRI;MSILVAE@UFPSO.EDU.CO;+573172237331;$2a$12$LQv3c1yqBWVHxkd0LHAkCOYz6TtxMaJqHtuBap2VMXpqQ8P/U1.O2;Y;Y;N;2025-06-22 11:39:56;\N;2026-05-04 22:33:26
0170045;017;LUIS;WILMAR;GONZALEZ;DAVILA;LWGONZALEZD@UFPSO.EDU.CO;+573013083077;$2a$12$LQv3c1yqBWVHxkd0LHAkCOYz6TtxMaJqHtuBap2VMXpqQ8P/U1.O2;N;N;N;2024-11-11 18:08:56;\N;2025-02-19 05:36:28
0170046;017;KAREN;ALEJANDRO;VARGAS;NIETO;KAVARGASN@UFPSO.EDU.CO;+573124293399;$2a$12$LQv3c1yqBWVHxkd0LHAkCOYz6TtxMaJqHtuBap2VMXpqQ8P/U1.O2;Y;N;N;2024-03-13 17:59:45;\N;2026-03-13 16:54:05
0170047;017;XIMENA;\N;MEDINA;LOZANO;XMEDINAL@UFPSO.EDU.CO;+573236664316;$2a$12$LQv3c1yqBWVHxkd0LHAkCOYz6TtxMaJqHtuBap2VMXpqQ8P/U1.O2;Y;N;N;2023-09-30 09:32:41;\N;2025-12-10 12:42:39
0170048;017;NATALIA;MARIA;RODRIGUEZ;FUENTES;NMRODRIGUEZF@UFPSO.EDU.CO;+573195108369;$2a$12$LQv3c1yqBWVHxkd0LHAkCOYz6TtxMaJqHtuBap2VMXpqQ8P/U1.O2;Y;Y;N;2023-07-26 15:41:13;\N;2026-03-08 16:41:19
0170049;017;VIVIANA;ANDRES;VARGAS;ECHEVERRI;VAVARGASE@UFPSO.EDU.CO;+573146794356;$2a$12$LQv3c1yqBWVHxkd0LHAkCOYz6TtxMaJqHtuBap2VMXpqQ8P/U1.O2;Y;Y;Y;2024-08-02 08:10:28;\N;2025-12-07 17:55:45
0170050;017;ANDREA;ALEJANDRO;SILVA;HOYOS;AASILVAH@UFPSO.EDU.CO;+573238015136;$2a$12$LQv3c1yqBWVHxkd0LHAkCOYz6TtxMaJqHtuBap2VMXpqQ8P/U1.O2;Y;Y;Y;2025-06-24 10:20:15;\N;2025-11-25 08:18:24
0180001;018;TOMAS;CAMILO;RAMOS;MONTOYA;TCRAMOSM@UFPSO.EDU.CO;+573169479950;$2a$12$LQv3c1yqBWVHxkd0LHAkCOYz6TtxMaJqHtuBap2VMXpqQ8P/U1.O2;Y;Y;Y;2024-10-03 13:48:10;\N;2026-01-18 22:01:05
0180002;018;GLORIA;ALBERTO;MORALES;NARANJO;GAMORALESN@UFPSO.EDU.CO;+573002803501;$2a$12$LQv3c1yqBWVHxkd0LHAkCOYz6TtxMaJqHtuBap2VMXpqQ8P/U1.O2;Y;N;N;2024-05-01 08:03:18;\N;2026-04-17 22:18:34
0180003;018;DIANA;ALEJANDRO;HERRERA;ESCOBAR;DAHERRERAE@UFPSO.EDU.CO;+573185692934;$2a$12$LQv3c1yqBWVHxkd0LHAkCOYz6TtxMaJqHtuBap2VMXpqQ8P/U1.O2;Y;Y;Y;2025-05-15 18:02:25;\N;2026-01-13 09:24:32
0180004;018;VALENTINA;\N;RAMIREZ;LOZANO;VRAMIREZL@UFPSO.EDU.CO;+573207734157;$2a$12$LQv3c1yqBWVHxkd0LHAkCOYz6TtxMaJqHtuBap2VMXpqQ8P/U1.O2;N;N;N;2024-08-08 19:23:50;\N;2025-02-19 06:36:28
0180005;018;JULIANA;MARIA;MARTINEZ;CONTRERAS;JMMARTINEZC@UFPSO.EDU.CO;+573143726331;$2a$12$LQv3c1yqBWVHxkd0LHAkCOYz6TtxMaJqHtuBap2VMXpqQ8P/U1.O2;Y;Y;N;2024-03-07 17:51:30;\N;2025-12-06 17:59:39
0180006;018;ANDREA;\N;VARGAS;NARANJO;AVARGASN@UFPSO.EDU.CO;+573176161977;$2a$12$LQv3c1yqBWVHxkd0LHAkCOYz6TtxMaJqHtuBap2VMXpqQ8P/U1.O2;Y;N;N;2024-10-09 22:45:36;\N;2026-02-03 17:43:07
0180007;018;CLAUDIA;JOSE;ACOSTA;TARAZONA;CJACOSTAT@UFPSO.EDU.CO;+573111529665;$2a$12$LQv3c1yqBWVHxkd0LHAkCOYz6TtxMaJqHtuBap2VMXpqQ8P/U1.O2;Y;Y;N;2023-04-14 08:37:30;\N;2026-02-06 11:52:43
0180008;018;NATALIA;FELIPE;DIAZ;BARRERA;NFDIAZB@UFPSO.EDU.CO;+573013316639;$2a$12$LQv3c1yqBWVHxkd0LHAkCOYz6TtxMaJqHtuBap2VMXpqQ8P/U1.O2;Y;Y;Y;2023-06-07 17:26:09;\N;2026-04-06 22:55:54
0180009;018;KAREN;SERGIO;FUENTES;BERNAL;KSFUENTESB@UFPSO.EDU.CO;+573105135904;$2a$12$LQv3c1yqBWVHxkd0LHAkCOYz6TtxMaJqHtuBap2VMXpqQ8P/U1.O2;Y;Y;Y;2025-11-14 19:20:11;\N;2026-05-08 10:59:41
0180010;018;ALEJANDRO;\N;VARGAS;RESTREPO;AVARGASR@UFPSO.EDU.CO;+573227370211;$2a$12$LQv3c1yqBWVHxkd0LHAkCOYz6TtxMaJqHtuBap2VMXpqQ8P/U1.O2;Y;Y;Y;2025-04-18 16:45:13;\N;2026-03-24 15:18:07
0180011;018;ANDREA;JAVIER;FLORES;VEGA;AJFLORESV@UFPSO.EDU.CO;+573215548852;$2a$12$LQv3c1yqBWVHxkd0LHAkCOYz6TtxMaJqHtuBap2VMXpqQ8P/U1.O2;Y;Y;Y;2024-07-25 16:45:05;\N;2026-03-03 13:12:52
0180012;018;MARIA;ANTONIO;TORRES;IBARRA;MATORRESI@UFPSO.EDU.CO;+573057826774;$2a$12$LQv3c1yqBWVHxkd0LHAkCOYz6TtxMaJqHtuBap2VMXpqQ8P/U1.O2;Y;Y;N;2024-06-15 14:40:14;\N;2025-11-26 11:00:35
0180013;018;LEIDY;\N;ACOSTA;RINCON;LACOSTAR@UFPSO.EDU.CO;+573013937099;$2a$12$LQv3c1yqBWVHxkd0LHAkCOYz6TtxMaJqHtuBap2VMXpqQ8P/U1.O2;Y;N;N;2024-09-04 16:20:18;\N;2025-11-23 14:34:47
0180014;018;CAROLINA;CAMILO;MARTINEZ;AMAYA;CCMARTINEZA@UFPSO.EDU.CO;+573036621073;$2a$12$LQv3c1yqBWVHxkd0LHAkCOYz6TtxMaJqHtuBap2VMXpqQ8P/U1.O2;N;N;N;2025-06-07 12:59:47;\N;2025-06-09 05:36:25
0180015;018;DIEGO;\N;ESPINOSA;INFANTE;DESPINOSAI@UFPSO.EDU.CO;+573514123902;$2a$12$LQv3c1yqBWVHxkd0LHAkCOYz6TtxMaJqHtuBap2VMXpqQ8P/U1.O2;Y;Y;Y;2025-11-18 11:54:32;\N;2025-12-31 09:35:48
0180016;018;ANDRES;WILMAR;CASTRO;MONTOYA;AWCASTROM@UFPSO.EDU.CO;+573034100114;$2a$12$LQv3c1yqBWVHxkd0LHAkCOYz6TtxMaJqHtuBap2VMXpqQ8P/U1.O2;Y;Y;Y;2024-09-02 12:39:54;\N;2026-01-23 09:25:42
0180017;018;LUIS;\N;RAMOS;SALCEDO;LRAMOSS@UFPSO.EDU.CO;+573154964499;$2a$12$LQv3c1yqBWVHxkd0LHAkCOYz6TtxMaJqHtuBap2VMXpqQ8P/U1.O2;Y;Y;Y;2024-07-16 15:24:15;\N;2026-03-30 07:16:41
0180018;018;FABIAN;FELIPE;ROMERO;WILCHES;FFROMEROW@UFPSO.EDU.CO;+573114676367;$2a$12$LQv3c1yqBWVHxkd0LHAkCOYz6TtxMaJqHtuBap2VMXpqQ8P/U1.O2;N;N;N;2025-03-13 19:43:32;\N;2025-04-14 12:07:11
0180019;018;LUIS;\N;FLORES;ECHEVERRI;LFLORESE@UFPSO.EDU.CO;+573232373555;$2a$12$LQv3c1yqBWVHxkd0LHAkCOYz6TtxMaJqHtuBap2VMXpqQ8P/U1.O2;N;N;N;2024-10-18 20:44:35;\N;2025-01-25 11:28:23
0180020;018;KAREN;\N;DUARTE;ESCOBAR;KDUARTEE@UFPSO.EDU.CO;+573208412854;$2a$12$LQv3c1yqBWVHxkd0LHAkCOYz6TtxMaJqHtuBap2VMXpqQ8P/U1.O2;Y;Y;N;2024-02-20 10:03:53;\N;2025-12-09 12:20:54
0180021;018;JORGE;SERGIO;BARRERA;FUENTES;JSBARRERAF@UFPSO.EDU.CO;+573131365247;$2a$12$LQv3c1yqBWVHxkd0LHAkCOYz6TtxMaJqHtuBap2VMXpqQ8P/U1.O2;Y;Y;Y;2026-04-07 21:51:03;\N;2026-04-12 19:34:54
0180022;018;ANDREA;ANTONIO;GARCIA;QUINTERO;AAGARCIAQ@UFPSO.EDU.CO;+573174019585;$2a$12$LQv3c1yqBWVHxkd0LHAkCOYz6TtxMaJqHtuBap2VMXpqQ8P/U1.O2;Y;Y;N;2024-06-28 09:02:27;\N;2025-11-18 22:02:18
0180023;018;JOHANNA;ALEJANDRO;DELGADO;ESCOBAR;JADELGADOE@UFPSO.EDU.CO;+573217594429;$2a$12$LQv3c1yqBWVHxkd0LHAkCOYz6TtxMaJqHtuBap2VMXpqQ8P/U1.O2;N;N;N;2024-10-20 21:55:58;\N;2024-12-29 16:03:09
0180024;018;KAREN;ALEJANDRO;JIMENEZ;ACOSTA;KAJIMENEZA@UFPSO.EDU.CO;+573045624635;$2a$12$LQv3c1yqBWVHxkd0LHAkCOYz6TtxMaJqHtuBap2VMXpqQ8P/U1.O2;Y;Y;Y;2025-02-06 16:29:43;\N;2025-12-29 14:29:22
0180025;018;PABLO;FELIPE;MARTINEZ;SERRANO;PFMARTINEZS@UFPSO.EDU.CO;+573017748892;$2a$12$LQv3c1yqBWVHxkd0LHAkCOYz6TtxMaJqHtuBap2VMXpqQ8P/U1.O2;Y;Y;Y;2023-10-30 07:15:13;\N;2026-04-22 08:15:47
0180026;018;FERNANDA;ALBERTO;ESPINOSA;QUINTERO;FAESPINOSAQ@UFPSO.EDU.CO;+573506379867;$2a$12$LQv3c1yqBWVHxkd0LHAkCOYz6TtxMaJqHtuBap2VMXpqQ8P/U1.O2;Y;N;N;2023-03-01 11:32:18;\N;2026-03-28 17:36:38
0180027;018;TOMAS;FERNEY;FLORES;SERRANO;TFFLORESS@UFPSO.EDU.CO;+573016778321;$2a$12$LQv3c1yqBWVHxkd0LHAkCOYz6TtxMaJqHtuBap2VMXpqQ8P/U1.O2;Y;Y;N;2025-11-25 14:26:19;\N;2026-01-10 11:01:50
0180028;018;LEIDY;ANDRES;DUARTE;BERNAL;LADUARTEB@UFPSO.EDU.CO;+573133421820;$2a$12$LQv3c1yqBWVHxkd0LHAkCOYz6TtxMaJqHtuBap2VMXpqQ8P/U1.O2;Y;N;N;2024-10-29 20:09:19;\N;2026-03-02 14:54:14
0180029;018;GLORIA;MARIA;FUENTES;BECERRA;GMFUENTESB@UFPSO.EDU.CO;+573101864641;$2a$12$LQv3c1yqBWVHxkd0LHAkCOYz6TtxMaJqHtuBap2VMXpqQ8P/U1.O2;Y;Y;Y;2024-10-29 11:24:15;\N;2026-02-24 18:05:34
0180030;018;ALEJANDRO;ANDRES;MARTINEZ;ESPINOSA;AAMARTINEZE@UFPSO.EDU.CO;+573195070038;$2a$12$LQv3c1yqBWVHxkd0LHAkCOYz6TtxMaJqHtuBap2VMXpqQ8P/U1.O2;N;N;N;2025-09-01 13:30:13;\N;2025-09-09 03:17:20
0180031;018;ANGELA;\N;MORALES;AMAYA;AMORALESA@UFPSO.EDU.CO;+573198818250;$2a$12$LQv3c1yqBWVHxkd0LHAkCOYz6TtxMaJqHtuBap2VMXpqQ8P/U1.O2;Y;Y;Y;2023-04-17 17:49:18;\N;2026-01-06 18:32:56
0180032;018;IVAN;\N;RAMOS;QUINTERO;IRAMOSQ@UFPSO.EDU.CO;+573106534221;$2a$12$LQv3c1yqBWVHxkd0LHAkCOYz6TtxMaJqHtuBap2VMXpqQ8P/U1.O2;Y;Y;Y;2024-05-05 17:26:02;\N;2026-01-06 20:18:09
0180033;018;SEBASTIAN;ANDRES;IBARRA;SALCEDO;SAIBARRAS@UFPSO.EDU.CO;+573153839807;$2a$12$LQv3c1yqBWVHxkd0LHAkCOYz6TtxMaJqHtuBap2VMXpqQ8P/U1.O2;N;N;N;2025-06-08 17:16:48;\N;2026-01-31 06:03:38
0180034;018;LUIS;\N;BARRERA;OCAMPO;LBARRERAO@UFPSO.EDU.CO;+573244882808;$2a$12$LQv3c1yqBWVHxkd0LHAkCOYz6TtxMaJqHtuBap2VMXpqQ8P/U1.O2;Y;N;N;2023-03-02 08:53:54;\N;2025-11-13 07:26:08
0180035;018;GABRIEL;ALEJANDRO;GARCIA;QUINTERO;GAGARCIAQ@UFPSO.EDU.CO;+573217901115;$2a$12$LQv3c1yqBWVHxkd0LHAkCOYz6TtxMaJqHtuBap2VMXpqQ8P/U1.O2;Y;Y;N;2025-06-10 21:23:03;\N;2026-03-04 22:01:00
0180036;018;ANDRES;JOSE;DUARTE;URIBE;AJDUARTEU@UFPSO.EDU.CO;+573114220085;$2a$12$LQv3c1yqBWVHxkd0LHAkCOYz6TtxMaJqHtuBap2VMXpqQ8P/U1.O2;N;N;N;2024-11-29 16:01:32;\N;2024-12-14 02:34:41
0180037;018;VALENTINA;\N;HERRERA;DURAN;VHERRERAD@UFPSO.EDU.CO;+573021531577;$2a$12$LQv3c1yqBWVHxkd0LHAkCOYz6TtxMaJqHtuBap2VMXpqQ8P/U1.O2;N;N;N;2023-04-24 19:05:23;\N;2023-06-22 11:49:15
0180038;018;HECTOR;ANDRES;ORTEGA;FRANCO;HAORTEGAF@UFPSO.EDU.CO;+573039861040;$2a$12$LQv3c1yqBWVHxkd0LHAkCOYz6TtxMaJqHtuBap2VMXpqQ8P/U1.O2;Y;Y;N;2023-11-13 08:40:00;\N;2026-04-15 17:36:54
0180039;018;DAVID;ALBERTO;MORALES;MONTOYA;DAMORALESM@UFPSO.EDU.CO;+573141262699;$2a$12$LQv3c1yqBWVHxkd0LHAkCOYz6TtxMaJqHtuBap2VMXpqQ8P/U1.O2;Y;N;N;2023-06-16 15:02:59;\N;2026-03-20 08:11:59
0180040;018;RICARDO;\N;FLORES;AMAYA;RFLORESA@UFPSO.EDU.CO;+573042315798;$2a$12$LQv3c1yqBWVHxkd0LHAkCOYz6TtxMaJqHtuBap2VMXpqQ8P/U1.O2;Y;N;N;2024-02-20 16:10:36;\N;2026-02-08 17:24:48
0180041;018;JULIANA;JAVIER;LOPEZ;IBARRA;JJLOPEZI@UFPSO.EDU.CO;+573005585666;$2a$12$LQv3c1yqBWVHxkd0LHAkCOYz6TtxMaJqHtuBap2VMXpqQ8P/U1.O2;Y;N;N;2023-11-03 14:53:04;\N;2026-04-02 19:49:20
0180042;018;FERNANDA;\N;JIMENEZ;DURAN;FJIMENEZD@UFPSO.EDU.CO;+573512233237;$2a$12$LQv3c1yqBWVHxkd0LHAkCOYz6TtxMaJqHtuBap2VMXpqQ8P/U1.O2;Y;Y;Y;2024-06-21 19:27:11;\N;2026-04-08 16:51:15
0180043;018;HECTOR;ANTONIO;FLORES;FRANCO;HAFLORESF@UFPSO.EDU.CO;+573024143912;$2a$12$LQv3c1yqBWVHxkd0LHAkCOYz6TtxMaJqHtuBap2VMXpqQ8P/U1.O2;Y;Y;Y;2025-08-23 19:20:23;\N;2026-02-01 15:06:08
0180044;018;DIANA;\N;FUENTES;LEAL;DFUENTESL@UFPSO.EDU.CO;+573005896386;$2a$12$LQv3c1yqBWVHxkd0LHAkCOYz6TtxMaJqHtuBap2VMXpqQ8P/U1.O2;Y;Y;N;2023-11-23 20:06:01;\N;2026-05-20 17:55:24
0180045;018;CAROLINA;ANDRES;PEREZ;LEAL;CAPEREZL@UFPSO.EDU.CO;+573128064924;$2a$12$LQv3c1yqBWVHxkd0LHAkCOYz6TtxMaJqHtuBap2VMXpqQ8P/U1.O2;Y;Y;Y;2024-09-15 12:43:24;\N;2025-12-08 09:10:27
0180046;018;JUAN;\N;GONZALEZ;ESCOBAR;JGONZALEZE@UFPSO.EDU.CO;+573147373495;$2a$12$LQv3c1yqBWVHxkd0LHAkCOYz6TtxMaJqHtuBap2VMXpqQ8P/U1.O2;Y;Y;Y;2024-09-17 14:46:40;\N;2025-12-05 16:00:25
0180047;018;SERGIO;\N;SUAREZ;CARDENAS;SSUAREZC@UFPSO.EDU.CO;+573143980258;$2a$12$LQv3c1yqBWVHxkd0LHAkCOYz6TtxMaJqHtuBap2VMXpqQ8P/U1.O2;N;N;N;2024-03-06 16:20:38;\N;\N
0180048;018;ANDREA;WILMAR;CASTRO;QUEVEDO;AWCASTROQ@UFPSO.EDU.CO;+573104018677;$2a$12$LQv3c1yqBWVHxkd0LHAkCOYz6TtxMaJqHtuBap2VMXpqQ8P/U1.O2;Y;N;N;2024-06-05 14:20:24;\N;2026-02-02 10:59:36
0180049;018;VIVIANA;\N;RODRIGUEZ;ECHEVERRI;VRODRIGUEZE@UFPSO.EDU.CO;+573179376917;$2a$12$LQv3c1yqBWVHxkd0LHAkCOYz6TtxMaJqHtuBap2VMXpqQ8P/U1.O2;N;N;N;2024-03-25 21:51:18;\N;\N
0180050;018;LUIS;FERNEY;RUIZ;TARAZONA;LFRUIZT@UFPSO.EDU.CO;+573518017921;$2a$12$LQv3c1yqBWVHxkd0LHAkCOYz6TtxMaJqHtuBap2VMXpqQ8P/U1.O2;Y;N;N;2024-03-11 20:50:24;\N;2026-03-03 19:34:32
0190001;019;LAURA;MARIA;SILVA;JARAMILLO;LMSILVAJ@UFPSO.EDU.CO;+573172777454;$2a$12$LQv3c1yqBWVHxkd0LHAkCOYz6TtxMaJqHtuBap2VMXpqQ8P/U1.O2;Y;Y;N;2023-03-08 10:49:15;\N;2025-11-12 19:48:21
0190002;019;ANDRES;FELIPE;HERRERA;RESTREPO;AFHERRERAR@UFPSO.EDU.CO;+573192754047;$2a$12$LQv3c1yqBWVHxkd0LHAkCOYz6TtxMaJqHtuBap2VMXpqQ8P/U1.O2;Y;N;N;2023-06-25 14:28:23;\N;2026-03-31 11:22:01
0190003;019;DIEGO;LUIS;PEREZ;JAIMES;DLPEREZJ@UFPSO.EDU.CO;+573518590804;$2a$12$LQv3c1yqBWVHxkd0LHAkCOYz6TtxMaJqHtuBap2VMXpqQ8P/U1.O2;Y;Y;Y;2024-08-20 18:19:21;\N;2026-03-02 10:28:46
0190004;019;CAMILO;DANIEL;VARGAS;CONTRERAS;CDVARGASC@UFPSO.EDU.CO;+573213686631;$2a$12$LQv3c1yqBWVHxkd0LHAkCOYz6TtxMaJqHtuBap2VMXpqQ8P/U1.O2;Y;Y;Y;2024-08-13 07:54:21;\N;2026-05-09 14:33:11
0190005;019;SERGIO;\N;NAVARRO;ECHEVERRI;SNAVARROE@UFPSO.EDU.CO;+573177523581;$2a$12$LQv3c1yqBWVHxkd0LHAkCOYz6TtxMaJqHtuBap2VMXpqQ8P/U1.O2;Y;Y;Y;2023-04-15 19:40:11;\N;2026-05-08 13:28:37
0190006;019;ANDRES;SERGIO;MORALES;URIBE;ASMORALESU@UFPSO.EDU.CO;+573199853588;$2a$12$LQv3c1yqBWVHxkd0LHAkCOYz6TtxMaJqHtuBap2VMXpqQ8P/U1.O2;Y;Y;Y;2025-02-17 10:51:55;\N;2025-11-30 15:42:55
0190007;019;XIMENA;WILMAR;ORTEGA;PACHECO;XWORTEGAP@UFPSO.EDU.CO;+573142977390;$2a$12$LQv3c1yqBWVHxkd0LHAkCOYz6TtxMaJqHtuBap2VMXpqQ8P/U1.O2;N;N;N;2025-10-23 10:22:22;\N;2026-03-30 20:05:30
0190008;019;TOMAS;FERNEY;RAMIREZ;OCAMPO;TFRAMIREZO@UFPSO.EDU.CO;+573513906397;$2a$12$LQv3c1yqBWVHxkd0LHAkCOYz6TtxMaJqHtuBap2VMXpqQ8P/U1.O2;Y;Y;Y;2024-05-06 11:32:24;\N;2025-12-18 22:40:34
0190009;019;MARIA;CAMILO;BARRERA;VEGA;MCBARRERAV@UFPSO.EDU.CO;+573169479842;$2a$12$LQv3c1yqBWVHxkd0LHAkCOYz6TtxMaJqHtuBap2VMXpqQ8P/U1.O2;Y;Y;Y;2025-03-08 12:20:53;\N;2025-11-03 22:08:12
0190010;019;LEIDY;\N;DELGADO;TORO;LDELGADOT@UFPSO.EDU.CO;+573124772246;$2a$12$LQv3c1yqBWVHxkd0LHAkCOYz6TtxMaJqHtuBap2VMXpqQ8P/U1.O2;Y;Y;N;2024-06-05 20:45:53;\N;2026-05-23 14:18:02
0190011;019;LAURA;FERNEY;RIVERA;ECHEVERRI;LFRIVERAE@UFPSO.EDU.CO;+573184666525;$2a$12$LQv3c1yqBWVHxkd0LHAkCOYz6TtxMaJqHtuBap2VMXpqQ8P/U1.O2;Y;Y;N;2026-04-14 22:35:32;\N;2026-05-09 07:24:18
0190012;019;DIANA;FELIPE;RUIZ;WILCHES;DFRUIZW@UFPSO.EDU.CO;+573034975295;$2a$12$LQv3c1yqBWVHxkd0LHAkCOYz6TtxMaJqHtuBap2VMXpqQ8P/U1.O2;N;N;N;2023-02-23 21:16:22;\N;\N
0190013;019;RICARDO;\N;MENDOZA;PACHECO;RMENDOZAP@UFPSO.EDU.CO;+573233824903;$2a$12$LQv3c1yqBWVHxkd0LHAkCOYz6TtxMaJqHtuBap2VMXpqQ8P/U1.O2;Y;N;N;2024-05-20 12:39:08;\N;2025-11-16 18:34:17
0190014;019;CAMILO;FERNEY;CASTRO;MONTOYA;CFCASTROM@UFPSO.EDU.CO;+573045188889;$2a$12$LQv3c1yqBWVHxkd0LHAkCOYz6TtxMaJqHtuBap2VMXpqQ8P/U1.O2;Y;N;N;2023-09-21 10:08:48;\N;2026-01-10 11:44:55
0190015;019;MIGUEL;WILMAR;RUIZ;TORO;MWRUIZT@UFPSO.EDU.CO;+573127191986;$2a$12$LQv3c1yqBWVHxkd0LHAkCOYz6TtxMaJqHtuBap2VMXpqQ8P/U1.O2;Y;Y;Y;2024-05-11 22:09:36;\N;2025-11-20 09:25:32
0190016;019;GLORIA;\N;RAMOS;NARANJO;GRAMOSN@UFPSO.EDU.CO;+573109299939;$2a$12$LQv3c1yqBWVHxkd0LHAkCOYz6TtxMaJqHtuBap2VMXpqQ8P/U1.O2;Y;Y;N;2025-07-15 09:46:29;\N;2026-05-23 19:13:27
0190017;019;ALEJANDRO;WILMAR;CASTRO;CANO;AWCASTROC@UFPSO.EDU.CO;+573058403549;$2a$12$LQv3c1yqBWVHxkd0LHAkCOYz6TtxMaJqHtuBap2VMXpqQ8P/U1.O2;N;N;N;2025-08-17 22:50:21;\N;2025-08-25 19:51:28
0190018;019;GLORIA;JOSE;NAVARRO;PRADA;GJNAVARROP@UFPSO.EDU.CO;+573247047102;$2a$12$LQv3c1yqBWVHxkd0LHAkCOYz6TtxMaJqHtuBap2VMXpqQ8P/U1.O2;N;N;N;2024-03-05 16:10:55;\N;\N
0190019;019;WILLIAM;DANIEL;SILVA;SERRANO;WDSILVAS@UFPSO.EDU.CO;+573004580613;$2a$12$LQv3c1yqBWVHxkd0LHAkCOYz6TtxMaJqHtuBap2VMXpqQ8P/U1.O2;Y;Y;Y;2024-03-14 08:25:40;\N;2026-04-17 09:45:06
0190020;019;HELENA;DANIEL;TORRES;NARANJO;HDTORRESN@UFPSO.EDU.CO;+573117426846;$2a$12$LQv3c1yqBWVHxkd0LHAkCOYz6TtxMaJqHtuBap2VMXpqQ8P/U1.O2;Y;N;N;2024-09-10 21:00:00;\N;2026-02-17 11:30:04
0190021;019;HECTOR;FELIPE;SANCHEZ;BERNAL;HFSANCHEZB@UFPSO.EDU.CO;+573221142182;$2a$12$LQv3c1yqBWVHxkd0LHAkCOYz6TtxMaJqHtuBap2VMXpqQ8P/U1.O2;Y;N;N;2024-05-05 16:08:24;\N;2025-12-05 11:04:33
0190022;019;VALENTINA;CAMILO;MOLINA;DURAN;VCMOLINAD@UFPSO.EDU.CO;+573227442986;$2a$12$LQv3c1yqBWVHxkd0LHAkCOYz6TtxMaJqHtuBap2VMXpqQ8P/U1.O2;Y;Y;Y;2025-03-27 11:58:26;\N;2025-11-26 11:48:07
0190023;019;FELIPE;LUIS;RAMOS;LOZANO;FLRAMOSL@UFPSO.EDU.CO;+573506060836;$2a$12$LQv3c1yqBWVHxkd0LHAkCOYz6TtxMaJqHtuBap2VMXpqQ8P/U1.O2;Y;Y;N;2024-09-16 15:41:05;\N;2026-01-12 07:54:54
0190024;019;RICARDO;\N;CONTRERAS;PRADA;RCONTRERASP@UFPSO.EDU.CO;+573119381604;$2a$12$LQv3c1yqBWVHxkd0LHAkCOYz6TtxMaJqHtuBap2VMXpqQ8P/U1.O2;Y;N;N;2024-05-11 16:41:03;\N;2026-01-01 22:24:07
0190025;019;XIMENA;\N;GONZALEZ;INFANTE;XGONZALEZI@UFPSO.EDU.CO;+573503898604;$2a$12$LQv3c1yqBWVHxkd0LHAkCOYz6TtxMaJqHtuBap2VMXpqQ8P/U1.O2;Y;N;N;2025-02-04 18:59:20;\N;2026-03-26 20:23:34
0190026;019;LINA;\N;GONZALEZ;BARRERA;LGONZALEZB@UFPSO.EDU.CO;+573207969792;$2a$12$LQv3c1yqBWVHxkd0LHAkCOYz6TtxMaJqHtuBap2VMXpqQ8P/U1.O2;Y;Y;N;2023-08-01 07:16:13;\N;2026-03-10 16:40:45
0190027;019;DIANA;ANDRES;PEREZ;QUEVEDO;DAPEREZQ@UFPSO.EDU.CO;+573242109227;$2a$12$LQv3c1yqBWVHxkd0LHAkCOYz6TtxMaJqHtuBap2VMXpqQ8P/U1.O2;Y;Y;Y;2024-06-17 11:17:05;\N;2025-12-10 17:25:37
0190028;019;JUAN;LUIS;RUIZ;DUARTE;JLRUIZD@UFPSO.EDU.CO;+573041190431;$2a$12$LQv3c1yqBWVHxkd0LHAkCOYz6TtxMaJqHtuBap2VMXpqQ8P/U1.O2;Y;Y;Y;2026-03-04 09:59:27;\N;2026-03-27 20:00:12
0190029;019;NICOLAS;\N;MENDOZA;INFANTE;NMENDOZAI@UFPSO.EDU.CO;+573006620552;$2a$12$LQv3c1yqBWVHxkd0LHAkCOYz6TtxMaJqHtuBap2VMXpqQ8P/U1.O2;Y;N;N;2024-06-12 15:10:23;\N;2026-01-08 10:49:57
0190030;019;DIANA;ANTONIO;DUARTE;ESPINOSA;DADUARTEE@UFPSO.EDU.CO;+573032934976;$2a$12$LQv3c1yqBWVHxkd0LHAkCOYz6TtxMaJqHtuBap2VMXpqQ8P/U1.O2;Y;Y;N;2025-04-09 09:31:29;\N;2025-12-13 18:10:16
0190031;019;SEBASTIAN;\N;GARCIA;CONTRERAS;SGARCIAC@UFPSO.EDU.CO;+573518035849;$2a$12$LQv3c1yqBWVHxkd0LHAkCOYz6TtxMaJqHtuBap2VMXpqQ8P/U1.O2;Y;N;N;2023-02-18 14:02:30;\N;2025-12-16 08:35:51
0190032;019;SEBASTIAN;WILMAR;RUIZ;BECERRA;SWRUIZB@UFPSO.EDU.CO;+573201770553;$2a$12$LQv3c1yqBWVHxkd0LHAkCOYz6TtxMaJqHtuBap2VMXpqQ8P/U1.O2;Y;Y;Y;2026-05-04 17:17:52;\N;2026-05-07 05:32:43
0190033;019;ANDREA;DANIEL;ROMERO;VEGA;ADROMEROV@UFPSO.EDU.CO;+573118783398;$2a$12$LQv3c1yqBWVHxkd0LHAkCOYz6TtxMaJqHtuBap2VMXpqQ8P/U1.O2;Y;Y;Y;2023-05-05 17:05:35;\N;2026-05-20 16:47:39
0190034;019;MAURICIO;\N;BARRERA;PRADA;MBARRERAP@UFPSO.EDU.CO;+573507312844;$2a$12$LQv3c1yqBWVHxkd0LHAkCOYz6TtxMaJqHtuBap2VMXpqQ8P/U1.O2;Y;Y;Y;2023-09-15 11:00:59;\N;2026-04-27 07:21:00
0190035;019;JENNIFER;FERNEY;SANCHEZ;QUINTERO;JFSANCHEZQ@UFPSO.EDU.CO;+573119720112;$2a$12$LQv3c1yqBWVHxkd0LHAkCOYz6TtxMaJqHtuBap2VMXpqQ8P/U1.O2;N;N;N;2026-04-09 14:26:31;\N;2026-05-15 23:29:29
0190036;019;CAROLINA;JAVIER;ROMERO;FUENTES;CJROMEROF@UFPSO.EDU.CO;+573126284972;$2a$12$LQv3c1yqBWVHxkd0LHAkCOYz6TtxMaJqHtuBap2VMXpqQ8P/U1.O2;Y;Y;Y;2025-08-08 11:40:52;\N;2026-04-19 11:15:18
0190037;019;ANDREA;WILMAR;RAMOS;DAVILA;AWRAMOSD@UFPSO.EDU.CO;+573188819107;$2a$12$LQv3c1yqBWVHxkd0LHAkCOYz6TtxMaJqHtuBap2VMXpqQ8P/U1.O2;Y;N;N;2024-09-22 14:04:12;\N;2025-11-28 11:06:10
0190038;019;CAMILO;LUIS;RAMIREZ;JARAMILLO;CLRAMIREZJ@UFPSO.EDU.CO;+573131676621;$2a$12$LQv3c1yqBWVHxkd0LHAkCOYz6TtxMaJqHtuBap2VMXpqQ8P/U1.O2;Y;N;N;2025-05-03 13:28:19;\N;2025-11-24 12:51:43
0190039;019;RICARDO;WILMAR;FLORES;FUENTES;RWFLORESF@UFPSO.EDU.CO;+573185191831;$2a$12$LQv3c1yqBWVHxkd0LHAkCOYz6TtxMaJqHtuBap2VMXpqQ8P/U1.O2;Y;Y;N;2024-09-16 18:25:32;\N;2025-12-15 07:25:54
0190040;019;IVAN;\N;SANCHEZ;LOZANO;ISANCHEZL@UFPSO.EDU.CO;+573242409947;$2a$12$LQv3c1yqBWVHxkd0LHAkCOYz6TtxMaJqHtuBap2VMXpqQ8P/U1.O2;Y;Y;Y;2024-03-03 07:03:53;\N;2026-02-11 18:43:40
0190041;019;OLGA;\N;HERRERA;ESPINOSA;OHERRERAE@UFPSO.EDU.CO;+573181849559;$2a$12$LQv3c1yqBWVHxkd0LHAkCOYz6TtxMaJqHtuBap2VMXpqQ8P/U1.O2;Y;N;N;2024-07-20 09:12:57;\N;2025-11-24 17:07:02
0190042;019;NICOLAS;\N;NAVARRO;AMAYA;NNAVARROA@UFPSO.EDU.CO;+573041581321;$2a$12$LQv3c1yqBWVHxkd0LHAkCOYz6TtxMaJqHtuBap2VMXpqQ8P/U1.O2;Y;Y;N;2024-06-07 07:24:43;\N;2026-01-10 15:28:56
0190043;019;VALENTINA;\N;RUIZ;RINCON;VRUIZR@UFPSO.EDU.CO;+573205180005;$2a$12$LQv3c1yqBWVHxkd0LHAkCOYz6TtxMaJqHtuBap2VMXpqQ8P/U1.O2;Y;Y;Y;2025-04-17 22:26:56;\N;2025-12-06 20:12:41
0190044;019;XIMENA;\N;RODRIGUEZ;FRANCO;XRODRIGUEZF@UFPSO.EDU.CO;+573051437264;$2a$12$LQv3c1yqBWVHxkd0LHAkCOYz6TtxMaJqHtuBap2VMXpqQ8P/U1.O2;Y;N;N;2024-10-14 22:34:50;\N;2026-03-09 17:24:17
0190045;019;CAMILO;\N;JIMENEZ;BARRERA;CJIMENEZB@UFPSO.EDU.CO;+573505045872;$2a$12$LQv3c1yqBWVHxkd0LHAkCOYz6TtxMaJqHtuBap2VMXpqQ8P/U1.O2;Y;N;N;2024-09-24 08:51:30;\N;2025-12-30 12:06:15
0190046;019;ALEJANDRO;\N;LOPEZ;RESTREPO;ALOPEZR@UFPSO.EDU.CO;+573517019382;$2a$12$LQv3c1yqBWVHxkd0LHAkCOYz6TtxMaJqHtuBap2VMXpqQ8P/U1.O2;N;N;N;2025-06-28 19:22:59;\N;2025-07-30 13:14:46
0190047;019;OLGA;JOSE;MENDOZA;MONTOYA;OJMENDOZAM@UFPSO.EDU.CO;+573021942342;$2a$12$LQv3c1yqBWVHxkd0LHAkCOYz6TtxMaJqHtuBap2VMXpqQ8P/U1.O2;N;N;N;2024-06-24 11:36:12;\N;2024-12-01 00:07:14
0190048;019;SEBASTIAN;\N;JIMENEZ;BARRERA;SJIMENEZB@UFPSO.EDU.CO;+573046716988;$2a$12$LQv3c1yqBWVHxkd0LHAkCOYz6TtxMaJqHtuBap2VMXpqQ8P/U1.O2;N;N;N;2025-11-26 22:00:21;\N;\N
0190049;019;MONICA;CAMILO;RAMOS;DUARTE;MCRAMOSD@UFPSO.EDU.CO;+573507636992;$2a$12$LQv3c1yqBWVHxkd0LHAkCOYz6TtxMaJqHtuBap2VMXpqQ8P/U1.O2;N;N;N;2023-02-20 11:37:45;\N;2023-08-26 21:01:30
0190050;019;OLGA;FELIPE;SUAREZ;WILCHES;OFSUAREZW@UFPSO.EDU.CO;+573516986539;$2a$12$LQv3c1yqBWVHxkd0LHAkCOYz6TtxMaJqHtuBap2VMXpqQ8P/U1.O2;N;N;N;2024-10-05 11:10:46;\N;2025-03-17 23:56:21
0220001;022;SEBASTIAN;\N;GOMEZ;FRANCO;SGOMEZF@UFPSO.EDU.CO;+573221543292;$2a$12$LQv3c1yqBWVHxkd0LHAkCOYz6TtxMaJqHtuBap2VMXpqQ8P/U1.O2;Y;N;N;2023-05-04 16:08:11;\N;2026-03-27 19:54:49
0220002;022;OSCAR;\N;RAMOS;PACHECO;ORAMOSP@UFPSO.EDU.CO;+573242488575;$2a$12$LQv3c1yqBWVHxkd0LHAkCOYz6TtxMaJqHtuBap2VMXpqQ8P/U1.O2;Y;N;N;2024-09-09 10:59:31;\N;2025-12-31 18:20:10
0220003;022;MONICA;WILMAR;MOLINA;ACOSTA;MWMOLINAA@UFPSO.EDU.CO;+573173790695;$2a$12$LQv3c1yqBWVHxkd0LHAkCOYz6TtxMaJqHtuBap2VMXpqQ8P/U1.O2;Y;Y;Y;2023-04-23 13:15:44;\N;2025-11-01 08:24:28
0220004;022;CAROLINA;\N;ORTEGA;DURAN;CORTEGAD@UFPSO.EDU.CO;+573021560573;$2a$12$LQv3c1yqBWVHxkd0LHAkCOYz6TtxMaJqHtuBap2VMXpqQ8P/U1.O2;Y;N;N;2024-06-19 19:06:53;\N;2026-04-16 14:10:28
0220005;022;DIEGO;JOSE;RAMOS;TARAZONA;DJRAMOST@UFPSO.EDU.CO;+573022562037;$2a$12$LQv3c1yqBWVHxkd0LHAkCOYz6TtxMaJqHtuBap2VMXpqQ8P/U1.O2;N;N;N;2026-02-14 09:21:10;\N;\N
0220006;022;SERGIO;\N;ACOSTA;BARRERA;SACOSTAB@UFPSO.EDU.CO;+573215450404;$2a$12$LQv3c1yqBWVHxkd0LHAkCOYz6TtxMaJqHtuBap2VMXpqQ8P/U1.O2;Y;Y;Y;2024-11-02 12:38:56;\N;2025-12-19 20:44:35
0220007;022;PAOLA;FERNEY;VARGAS;SALCEDO;PFVARGASS@UFPSO.EDU.CO;+573509058573;$2a$12$LQv3c1yqBWVHxkd0LHAkCOYz6TtxMaJqHtuBap2VMXpqQ8P/U1.O2;Y;Y;Y;2024-08-08 08:25:36;\N;2025-11-01 20:05:18
0220008;022;PABLO;FELIPE;RODRIGUEZ;QUINTERO;PFRODRIGUEZQ@UFPSO.EDU.CO;+573122529023;$2a$12$LQv3c1yqBWVHxkd0LHAkCOYz6TtxMaJqHtuBap2VMXpqQ8P/U1.O2;N;N;N;2024-03-15 16:05:30;\N;2024-07-15 15:03:12
0220009;022;LEIDY;\N;ORTEGA;OCAMPO;LORTEGAO@UFPSO.EDU.CO;+573042622400;$2a$12$LQv3c1yqBWVHxkd0LHAkCOYz6TtxMaJqHtuBap2VMXpqQ8P/U1.O2;Y;Y;Y;2024-05-05 19:23:11;\N;2025-12-28 15:36:03
0220010;022;HECTOR;JAVIER;ESPINOSA;BECERRA;HJESPINOSAB@UFPSO.EDU.CO;+573511582647;$2a$12$LQv3c1yqBWVHxkd0LHAkCOYz6TtxMaJqHtuBap2VMXpqQ8P/U1.O2;N;N;N;2024-05-10 20:34:43;\N;2024-09-10 12:40:08
0220011;022;JULIANA;\N;DUARTE;MONTOYA;JDUARTEM@UFPSO.EDU.CO;+573172314805;$2a$12$LQv3c1yqBWVHxkd0LHAkCOYz6TtxMaJqHtuBap2VMXpqQ8P/U1.O2;Y;N;N;2025-03-10 10:48:28;\N;2025-12-25 13:08:02
0220012;022;VIVIANA;LUIS;DIAZ;QUEVEDO;VLDIAZQ@UFPSO.EDU.CO;+573216471499;$2a$12$LQv3c1yqBWVHxkd0LHAkCOYz6TtxMaJqHtuBap2VMXpqQ8P/U1.O2;Y;N;N;2025-08-21 15:20:58;\N;2025-11-23 19:35:25
0220013;022;ALEJANDRO;\N;ROMERO;ACOSTA;AROMEROA@UFPSO.EDU.CO;+573035799841;$2a$12$LQv3c1yqBWVHxkd0LHAkCOYz6TtxMaJqHtuBap2VMXpqQ8P/U1.O2;Y;Y;N;2025-11-25 20:07:26;\N;2025-12-22 06:44:15
0220014;022;LAURA;JAVIER;DELGADO;TARAZONA;LJDELGADOT@UFPSO.EDU.CO;+573144985919;$2a$12$LQv3c1yqBWVHxkd0LHAkCOYz6TtxMaJqHtuBap2VMXpqQ8P/U1.O2;Y;Y;Y;2024-05-09 22:36:38;\N;2026-04-08 19:02:25
0220015;022;FABIAN;\N;MEDINA;ESCOBAR;FMEDINAE@UFPSO.EDU.CO;+573046041225;$2a$12$LQv3c1yqBWVHxkd0LHAkCOYz6TtxMaJqHtuBap2VMXpqQ8P/U1.O2;Y;Y;Y;2024-02-06 17:52:50;\N;2026-04-28 10:55:14
0220016;022;JENNIFER;\N;RAMOS;URIBE;JRAMOSU@UFPSO.EDU.CO;+573151942977;$2a$12$LQv3c1yqBWVHxkd0LHAkCOYz6TtxMaJqHtuBap2VMXpqQ8P/U1.O2;Y;N;N;2025-05-18 09:12:28;\N;2026-05-09 22:48:33
0220017;022;JULIANA;CAMILO;GONZALEZ;WILCHES;JCGONZALEZW@UFPSO.EDU.CO;+573101966829;$2a$12$LQv3c1yqBWVHxkd0LHAkCOYz6TtxMaJqHtuBap2VMXpqQ8P/U1.O2;N;N;N;2023-11-21 19:08:49;\N;2023-11-28 09:05:42
0220018;022;TOMAS;MARIA;ROMERO;DUARTE;TMROMEROD@UFPSO.EDU.CO;+573238484373;$2a$12$LQv3c1yqBWVHxkd0LHAkCOYz6TtxMaJqHtuBap2VMXpqQ8P/U1.O2;N;N;N;2025-05-04 13:17:23;\N;2025-05-09 03:40:54
0220019;022;OSCAR;\N;FUENTES;DURAN;OFUENTESD@UFPSO.EDU.CO;+573013733132;$2a$12$LQv3c1yqBWVHxkd0LHAkCOYz6TtxMaJqHtuBap2VMXpqQ8P/U1.O2;Y;N;N;2026-03-17 12:53:57;\N;2026-03-30 04:55:21
0220020;022;NATALIA;SERGIO;JIMENEZ;RINCON;NSJIMENEZR@UFPSO.EDU.CO;+573043905824;$2a$12$LQv3c1yqBWVHxkd0LHAkCOYz6TtxMaJqHtuBap2VMXpqQ8P/U1.O2;Y;Y;N;2024-03-29 13:17:41;\N;2026-05-16 07:30:58
0220021;022;PATRICIA;JOSE;JIMENEZ;TARAZONA;PJJIMENEZT@UFPSO.EDU.CO;+573237663113;$2a$12$LQv3c1yqBWVHxkd0LHAkCOYz6TtxMaJqHtuBap2VMXpqQ8P/U1.O2;Y;Y;Y;2023-05-04 15:27:57;\N;2026-02-28 16:43:33
0220022;022;OLGA;FELIPE;GARCIA;HOYOS;OFGARCIAH@UFPSO.EDU.CO;+573126012883;$2a$12$LQv3c1yqBWVHxkd0LHAkCOYz6TtxMaJqHtuBap2VMXpqQ8P/U1.O2;Y;Y;N;2025-05-07 16:19:43;\N;2026-04-13 17:55:17
0220023;022;PABLO;ALEJANDRO;DUARTE;SALCEDO;PADUARTES@UFPSO.EDU.CO;+573177788043;$2a$12$LQv3c1yqBWVHxkd0LHAkCOYz6TtxMaJqHtuBap2VMXpqQ8P/U1.O2;Y;N;N;2024-02-15 19:42:20;\N;2026-04-17 22:18:16
0220024;022;CRISTIAN;MARIA;IBARRA;PRADA;CMIBARRAP@UFPSO.EDU.CO;+573504038955;$2a$12$LQv3c1yqBWVHxkd0LHAkCOYz6TtxMaJqHtuBap2VMXpqQ8P/U1.O2;Y;Y;N;2025-04-29 14:43:34;\N;2026-01-31 16:54:10
0220025;022;DIEGO;FELIPE;ACOSTA;LOZANO;DFACOSTAL@UFPSO.EDU.CO;+573147235796;$2a$12$LQv3c1yqBWVHxkd0LHAkCOYz6TtxMaJqHtuBap2VMXpqQ8P/U1.O2;Y;Y;Y;2024-09-19 12:43:57;\N;2026-05-10 16:26:50
0220026;022;WILLIAM;\N;CASTRO;ECHEVERRI;WCASTROE@UFPSO.EDU.CO;+573507403346;$2a$12$LQv3c1yqBWVHxkd0LHAkCOYz6TtxMaJqHtuBap2VMXpqQ8P/U1.O2;Y;Y;N;2025-08-14 22:03:55;\N;2026-03-01 13:32:07
0220027;022;KAREN;FERNEY;DELGADO;DUARTE;KFDELGADOD@UFPSO.EDU.CO;+573514025884;$2a$12$LQv3c1yqBWVHxkd0LHAkCOYz6TtxMaJqHtuBap2VMXpqQ8P/U1.O2;Y;Y;N;2023-08-22 11:12:21;\N;2026-02-26 11:20:55
0220028;022;JOHANNA;DANIEL;BARRERA;CANO;JDBARRERAC@UFPSO.EDU.CO;+573023171071;$2a$12$LQv3c1yqBWVHxkd0LHAkCOYz6TtxMaJqHtuBap2VMXpqQ8P/U1.O2;Y;Y;N;2023-04-01 17:40:03;\N;2025-12-14 12:31:50
0220029;022;VALENTINA;LUIS;NAVARRO;AMAYA;VLNAVARROA@UFPSO.EDU.CO;+573204197346;$2a$12$LQv3c1yqBWVHxkd0LHAkCOYz6TtxMaJqHtuBap2VMXpqQ8P/U1.O2;Y;Y;Y;2023-06-04 22:24:00;\N;2025-11-04 17:48:53
0220030;022;CARLOS;JOSE;RUIZ;RESTREPO;CJRUIZR@UFPSO.EDU.CO;+573209793234;$2a$12$LQv3c1yqBWVHxkd0LHAkCOYz6TtxMaJqHtuBap2VMXpqQ8P/U1.O2;Y;Y;Y;2024-04-29 16:08:06;\N;2025-11-12 16:18:29
0220031;022;SERGIO;LUIS;TORRES;CANO;SLTORRESC@UFPSO.EDU.CO;+573044543184;$2a$12$LQv3c1yqBWVHxkd0LHAkCOYz6TtxMaJqHtuBap2VMXpqQ8P/U1.O2;Y;N;N;2024-06-05 18:48:12;\N;2026-02-12 07:14:14
0220032;022;CLAUDIA;JOSE;CONTRERAS;NIETO;CJCONTRERASN@UFPSO.EDU.CO;+573502813842;$2a$12$LQv3c1yqBWVHxkd0LHAkCOYz6TtxMaJqHtuBap2VMXpqQ8P/U1.O2;Y;Y;N;2025-08-15 18:45:41;\N;2026-05-17 08:38:03
0220033;022;LEIDY;JOSE;LOPEZ;JAIMES;LJLOPEZJ@UFPSO.EDU.CO;+573502694160;$2a$12$LQv3c1yqBWVHxkd0LHAkCOYz6TtxMaJqHtuBap2VMXpqQ8P/U1.O2;Y;Y;Y;2024-10-29 21:24:07;\N;2026-04-27 07:19:26
0220034;022;PAOLA;\N;MEDINA;PACHECO;PMEDINAP@UFPSO.EDU.CO;+573234351238;$2a$12$LQv3c1yqBWVHxkd0LHAkCOYz6TtxMaJqHtuBap2VMXpqQ8P/U1.O2;Y;Y;Y;2024-03-07 20:53:57;\N;2025-11-30 10:31:12
0220035;022;JOHANNA;ANTONIO;DUARTE;PRADA;JADUARTEP@UFPSO.EDU.CO;+573002493219;$2a$12$LQv3c1yqBWVHxkd0LHAkCOYz6TtxMaJqHtuBap2VMXpqQ8P/U1.O2;Y;Y;Y;2025-10-14 20:18:10;\N;2026-03-04 17:15:00
0220036;022;JORGE;\N;BARRERA;MORA;JBARRERAM@UFPSO.EDU.CO;+573033931009;$2a$12$LQv3c1yqBWVHxkd0LHAkCOYz6TtxMaJqHtuBap2VMXpqQ8P/U1.O2;Y;Y;Y;2025-08-07 09:46:46;\N;2026-01-15 15:29:03
0220037;022;DAVID;FERNEY;SILVA;TORO;DFSILVAT@UFPSO.EDU.CO;+573503860721;$2a$12$LQv3c1yqBWVHxkd0LHAkCOYz6TtxMaJqHtuBap2VMXpqQ8P/U1.O2;Y;N;N;2023-05-06 20:47:07;\N;2025-11-12 07:54:08
0220038;022;SERGIO;JAVIER;MOLINA;PACHECO;SJMOLINAP@UFPSO.EDU.CO;+573519023619;$2a$12$LQv3c1yqBWVHxkd0LHAkCOYz6TtxMaJqHtuBap2VMXpqQ8P/U1.O2;Y;Y;Y;2023-04-24 09:23:52;\N;2026-02-25 15:53:24
0220039;022;CAROLINA;CAMILO;RAMIREZ;LOZANO;CCRAMIREZL@UFPSO.EDU.CO;+573231483456;$2a$12$LQv3c1yqBWVHxkd0LHAkCOYz6TtxMaJqHtuBap2VMXpqQ8P/U1.O2;N;N;N;2024-02-16 12:06:26;\N;2024-04-04 07:55:48
0220040;022;VIVIANA;ALEJANDRO;ACOSTA;GUZMAN;VAACOSTAG@UFPSO.EDU.CO;+573149709047;$2a$12$LQv3c1yqBWVHxkd0LHAkCOYz6TtxMaJqHtuBap2VMXpqQ8P/U1.O2;Y;Y;Y;2025-03-01 20:28:02;\N;2026-04-23 14:42:55
0220041;022;KAREN;\N;SANCHEZ;CARDENAS;KSANCHEZC@UFPSO.EDU.CO;+573059482016;$2a$12$LQv3c1yqBWVHxkd0LHAkCOYz6TtxMaJqHtuBap2VMXpqQ8P/U1.O2;Y;Y;N;2024-09-16 22:22:42;\N;2026-03-23 08:00:41
0220042;022;HELENA;\N;RIVERA;ESPINOSA;HRIVERAE@UFPSO.EDU.CO;+573117352484;$2a$12$LQv3c1yqBWVHxkd0LHAkCOYz6TtxMaJqHtuBap2VMXpqQ8P/U1.O2;N;N;N;2025-06-06 17:15:21;\N;\N
0220043;022;ANDREA;ALBERTO;PEREZ;ECHEVERRI;AAPEREZE@UFPSO.EDU.CO;+573171601160;$2a$12$LQv3c1yqBWVHxkd0LHAkCOYz6TtxMaJqHtuBap2VMXpqQ8P/U1.O2;Y;Y;N;2023-11-05 21:05:54;\N;2026-05-10 07:06:25
0220044;022;MARIA;\N;GARCIA;FUENTES;MGARCIAF@UFPSO.EDU.CO;+573238937865;$2a$12$LQv3c1yqBWVHxkd0LHAkCOYz6TtxMaJqHtuBap2VMXpqQ8P/U1.O2;Y;Y;N;2023-05-03 13:41:42;\N;2025-12-28 21:21:35
0220045;022;MONICA;JAVIER;MOLINA;JAIMES;MJMOLINAJ@UFPSO.EDU.CO;+573013754070;$2a$12$LQv3c1yqBWVHxkd0LHAkCOYz6TtxMaJqHtuBap2VMXpqQ8P/U1.O2;Y;Y;N;2025-08-08 14:00:21;\N;2026-03-21 18:44:06
0220046;022;ISABEL;ALEJANDRO;DELGADO;IBARRA;IADELGADOI@UFPSO.EDU.CO;+573037953658;$2a$12$LQv3c1yqBWVHxkd0LHAkCOYz6TtxMaJqHtuBap2VMXpqQ8P/U1.O2;N;N;N;2024-04-06 13:12:07;\N;2024-11-05 02:57:28
0220047;022;DAVID;\N;RAMIREZ;DAVILA;DRAMIREZD@UFPSO.EDU.CO;+573053913368;$2a$12$LQv3c1yqBWVHxkd0LHAkCOYz6TtxMaJqHtuBap2VMXpqQ8P/U1.O2;Y;Y;N;2026-03-31 11:31:00;\N;2026-05-09 10:30:32
0220048;022;CLAUDIA;ALEJANDRO;SANCHEZ;FRANCO;CASANCHEZF@UFPSO.EDU.CO;+573043318275;$2a$12$LQv3c1yqBWVHxkd0LHAkCOYz6TtxMaJqHtuBap2VMXpqQ8P/U1.O2;N;N;N;2023-10-05 19:26:38;\N;2024-01-16 12:45:06
0220049;022;CAROLINA;\N;CONTRERAS;WILCHES;CCONTRERASW@UFPSO.EDU.CO;+573059453929;$2a$12$LQv3c1yqBWVHxkd0LHAkCOYz6TtxMaJqHtuBap2VMXpqQ8P/U1.O2;Y;Y;Y;2025-10-03 13:12:13;\N;2026-04-22 11:45:41
0220050;022;LAURA;WILMAR;RAMIREZ;DURAN;LWRAMIREZD@UFPSO.EDU.CO;+573202786278;$2a$12$LQv3c1yqBWVHxkd0LHAkCOYz6TtxMaJqHtuBap2VMXpqQ8P/U1.O2;N;N;N;2025-06-24 22:37:36;\N;2025-11-19 19:28:36
0240001;024;CARLOS;ANDRES;FLORES;DUARTE;CAFLORESD@UFPSO.EDU.CO;+573015951637;$2a$12$LQv3c1yqBWVHxkd0LHAkCOYz6TtxMaJqHtuBap2VMXpqQ8P/U1.O2;Y;N;N;2024-07-29 13:17:48;\N;2026-04-24 15:09:53
0240002;024;RICARDO;\N;MARTINEZ;DURAN;RMARTINEZD@UFPSO.EDU.CO;+573515825775;$2a$12$LQv3c1yqBWVHxkd0LHAkCOYz6TtxMaJqHtuBap2VMXpqQ8P/U1.O2;Y;Y;Y;2024-11-07 10:39:55;\N;2026-04-15 19:15:32
0240003;024;ANGELA;MARIA;ORTEGA;FRANCO;AMORTEGAF@UFPSO.EDU.CO;+573247169672;$2a$12$LQv3c1yqBWVHxkd0LHAkCOYz6TtxMaJqHtuBap2VMXpqQ8P/U1.O2;Y;Y;N;2023-10-29 17:35:03;\N;2026-05-19 21:53:14
0240004;024;LINA;\N;ESPINOSA;OSORIO;LESPINOSAO@UFPSO.EDU.CO;+573175682726;$2a$12$LQv3c1yqBWVHxkd0LHAkCOYz6TtxMaJqHtuBap2VMXpqQ8P/U1.O2;Y;Y;Y;2025-03-23 13:18:28;\N;2025-12-15 10:24:02
0240005;024;MARIA;ANTONIO;TORRES;NIETO;MATORRESN@UFPSO.EDU.CO;+573246052539;$2a$12$LQv3c1yqBWVHxkd0LHAkCOYz6TtxMaJqHtuBap2VMXpqQ8P/U1.O2;Y;Y;Y;2024-09-18 07:21:29;\N;2026-01-22 08:49:59
0240006;024;ISABEL;\N;FUENTES;DURAN;IFUENTESD@UFPSO.EDU.CO;+573162542590;$2a$12$LQv3c1yqBWVHxkd0LHAkCOYz6TtxMaJqHtuBap2VMXpqQ8P/U1.O2;N;N;N;2025-08-02 17:33:14;\N;2025-10-24 14:07:48
0240007;024;FELIPE;ALBERTO;MORALES;SERRANO;FAMORALESS@UFPSO.EDU.CO;+573241147701;$2a$12$LQv3c1yqBWVHxkd0LHAkCOYz6TtxMaJqHtuBap2VMXpqQ8P/U1.O2;Y;N;N;2023-10-07 17:23:18;\N;2026-03-16 22:35:52
0240008;024;JORGE;JAVIER;MOLINA;SALCEDO;JJMOLINAS@UFPSO.EDU.CO;+573131414493;$2a$12$LQv3c1yqBWVHxkd0LHAkCOYz6TtxMaJqHtuBap2VMXpqQ8P/U1.O2;Y;N;N;2023-04-18 08:43:56;\N;2025-11-30 19:16:34
0240009;024;KAREN;JAVIER;CONTRERAS;HOYOS;KJCONTRERASH@UFPSO.EDU.CO;+573202381527;$2a$12$LQv3c1yqBWVHxkd0LHAkCOYz6TtxMaJqHtuBap2VMXpqQ8P/U1.O2;N;N;N;2024-11-06 22:02:18;\N;\N
0240010;024;IVAN;CAMILO;ESPINOSA;JARAMILLO;ICESPINOSAJ@UFPSO.EDU.CO;+573518302077;$2a$12$LQv3c1yqBWVHxkd0LHAkCOYz6TtxMaJqHtuBap2VMXpqQ8P/U1.O2;Y;Y;N;2024-02-02 09:13:42;\N;2025-11-27 13:34:53
0240011;024;LEIDY;DANIEL;FLORES;BARRERA;LDFLORESB@UFPSO.EDU.CO;+573177510106;$2a$12$LQv3c1yqBWVHxkd0LHAkCOYz6TtxMaJqHtuBap2VMXpqQ8P/U1.O2;Y;Y;Y;2023-06-12 17:02:05;\N;2025-11-19 14:58:16
0240012;024;FERNANDA;ANDRES;NAVARRO;BERNAL;FANAVARROB@UFPSO.EDU.CO;+573027001212;$2a$12$LQv3c1yqBWVHxkd0LHAkCOYz6TtxMaJqHtuBap2VMXpqQ8P/U1.O2;Y;Y;N;2023-02-19 19:43:07;\N;2026-05-13 08:44:54
0240013;024;JULIANA;FELIPE;CASTRO;TORO;JFCASTROT@UFPSO.EDU.CO;+573047559766;$2a$12$LQv3c1yqBWVHxkd0LHAkCOYz6TtxMaJqHtuBap2VMXpqQ8P/U1.O2;N;N;N;2023-05-03 09:18:48;\N;2023-05-19 21:53:02
0240014;024;LAURA;FERNEY;FLORES;WILCHES;LFFLORESW@UFPSO.EDU.CO;+573026111869;$2a$12$LQv3c1yqBWVHxkd0LHAkCOYz6TtxMaJqHtuBap2VMXpqQ8P/U1.O2;Y;Y;Y;2025-05-07 07:35:55;\N;2026-04-02 19:34:35
0240015;024;RICARDO;JAVIER;MORALES;BECERRA;RJMORALESB@UFPSO.EDU.CO;+573221912484;$2a$12$LQv3c1yqBWVHxkd0LHAkCOYz6TtxMaJqHtuBap2VMXpqQ8P/U1.O2;Y;N;N;2024-06-11 11:10:11;\N;2025-12-20 10:11:42
0240016;024;LINA;\N;ROMERO;RINCON;LROMEROR@UFPSO.EDU.CO;+573244934808;$2a$12$LQv3c1yqBWVHxkd0LHAkCOYz6TtxMaJqHtuBap2VMXpqQ8P/U1.O2;Y;Y;N;2024-08-02 16:42:04;\N;2026-01-24 18:08:42
0240017;024;IVAN;FERNEY;GONZALEZ;PRADA;IFGONZALEZP@UFPSO.EDU.CO;+573173829301;$2a$12$LQv3c1yqBWVHxkd0LHAkCOYz6TtxMaJqHtuBap2VMXpqQ8P/U1.O2;Y;Y;N;2025-10-04 22:28:21;\N;2026-03-25 18:51:20
0240018;024;ANDRES;WILMAR;RUIZ;RESTREPO;AWRUIZR@UFPSO.EDU.CO;+573139170024;$2a$12$LQv3c1yqBWVHxkd0LHAkCOYz6TtxMaJqHtuBap2VMXpqQ8P/U1.O2;Y;N;N;2024-05-22 15:53:23;\N;2026-03-03 21:28:22
0240019;024;MARIA;FELIPE;GOMEZ;RINCON;MFGOMEZR@UFPSO.EDU.CO;+573214295580;$2a$12$LQv3c1yqBWVHxkd0LHAkCOYz6TtxMaJqHtuBap2VMXpqQ8P/U1.O2;N;N;N;2026-04-19 09:53:17;\N;\N
0240020;024;WILLIAM;DANIEL;GONZALEZ;BARRERA;WDGONZALEZB@UFPSO.EDU.CO;+573218920589;$2a$12$LQv3c1yqBWVHxkd0LHAkCOYz6TtxMaJqHtuBap2VMXpqQ8P/U1.O2;Y;N;N;2023-06-24 07:52:37;\N;2025-12-25 08:35:16
0240021;024;LEIDY;ALEJANDRO;SILVA;AMAYA;LASILVAA@UFPSO.EDU.CO;+573233782393;$2a$12$LQv3c1yqBWVHxkd0LHAkCOYz6TtxMaJqHtuBap2VMXpqQ8P/U1.O2;Y;Y;Y;2023-09-10 16:08:29;\N;2025-11-03 14:54:51
0240022;024;LINA;\N;TORRES;DAVILA;LTORRESD@UFPSO.EDU.CO;+573119181277;$2a$12$LQv3c1yqBWVHxkd0LHAkCOYz6TtxMaJqHtuBap2VMXpqQ8P/U1.O2;Y;N;N;2024-03-12 12:36:36;\N;2026-05-08 22:22:02
0240023;024;SEBASTIAN;DANIEL;HERRERA;ESCOBAR;SDHERRERAE@UFPSO.EDU.CO;+573011669489;$2a$12$LQv3c1yqBWVHxkd0LHAkCOYz6TtxMaJqHtuBap2VMXpqQ8P/U1.O2;Y;N;N;2025-04-01 08:42:13;\N;2026-02-08 22:58:29
0240024;024;LEIDY;WILMAR;SANCHEZ;INFANTE;LWSANCHEZI@UFPSO.EDU.CO;+573164739628;$2a$12$LQv3c1yqBWVHxkd0LHAkCOYz6TtxMaJqHtuBap2VMXpqQ8P/U1.O2;Y;Y;Y;2023-09-23 15:37:34;\N;2026-03-31 09:33:16
0240025;024;KAREN;ANDRES;MENDOZA;DURAN;KAMENDOZAD@UFPSO.EDU.CO;+573205711201;$2a$12$LQv3c1yqBWVHxkd0LHAkCOYz6TtxMaJqHtuBap2VMXpqQ8P/U1.O2;Y;N;N;2024-11-16 22:56:38;\N;2026-02-21 12:14:04
0240026;024;RICARDO;ALEJANDRO;GOMEZ;NIETO;RAGOMEZN@UFPSO.EDU.CO;+573223705263;$2a$12$LQv3c1yqBWVHxkd0LHAkCOYz6TtxMaJqHtuBap2VMXpqQ8P/U1.O2;Y;Y;Y;2023-05-18 10:42:14;\N;2026-04-22 22:30:13
0240027;024;LEIDY;LUIS;RODRIGUEZ;SALCEDO;LLRODRIGUEZS@UFPSO.EDU.CO;+573124020528;$2a$12$LQv3c1yqBWVHxkd0LHAkCOYz6TtxMaJqHtuBap2VMXpqQ8P/U1.O2;Y;Y;Y;2025-07-26 11:36:37;\N;2026-03-27 11:03:10
0240028;024;KAREN;ANDRES;IBARRA;QUEVEDO;KAIBARRAQ@UFPSO.EDU.CO;+573173394312;$2a$12$LQv3c1yqBWVHxkd0LHAkCOYz6TtxMaJqHtuBap2VMXpqQ8P/U1.O2;Y;N;N;2023-07-19 16:05:13;\N;2026-03-04 12:14:53
0240029;024;OLGA;CAMILO;CONTRERAS;TARAZONA;OCCONTRERAST@UFPSO.EDU.CO;+573209461748;$2a$12$LQv3c1yqBWVHxkd0LHAkCOYz6TtxMaJqHtuBap2VMXpqQ8P/U1.O2;Y;Y;Y;2024-08-26 17:59:29;\N;2025-12-04 10:01:12
0240030;024;VIVIANA;LUIS;FLORES;OSORIO;VLFLORESO@UFPSO.EDU.CO;+573503186555;$2a$12$LQv3c1yqBWVHxkd0LHAkCOYz6TtxMaJqHtuBap2VMXpqQ8P/U1.O2;Y;Y;N;2025-08-08 12:30:57;\N;2026-03-09 10:05:30
0240031;024;PATRICIA;\N;GARCIA;TORO;PGARCIAT@UFPSO.EDU.CO;+573512639417;$2a$12$LQv3c1yqBWVHxkd0LHAkCOYz6TtxMaJqHtuBap2VMXpqQ8P/U1.O2;Y;Y;Y;2023-11-02 20:23:55;\N;2026-03-04 19:22:37
0240032;024;DIANA;ALEJANDRO;HERRERA;FONSECA;DAHERRERAF@UFPSO.EDU.CO;+573039720156;$2a$12$LQv3c1yqBWVHxkd0LHAkCOYz6TtxMaJqHtuBap2VMXpqQ8P/U1.O2;N;N;N;2024-09-12 09:18:38;\N;2024-09-13 16:55:11
0240033;024;ANDRES;ANDRES;MORALES;BERNAL;AAMORALESB@UFPSO.EDU.CO;+573235623138;$2a$12$LQv3c1yqBWVHxkd0LHAkCOYz6TtxMaJqHtuBap2VMXpqQ8P/U1.O2;Y;Y;Y;2024-10-27 18:06:09;\N;2026-03-18 20:36:23
0240034;024;VIVIANA;ANDRES;MORALES;BECERRA;VAMORALESB@UFPSO.EDU.CO;+573163316405;$2a$12$LQv3c1yqBWVHxkd0LHAkCOYz6TtxMaJqHtuBap2VMXpqQ8P/U1.O2;Y;Y;N;2024-06-21 22:11:23;\N;2026-03-28 18:49:45
0240035;024;PAOLA;FELIPE;JIMENEZ;DAVILA;PFJIMENEZD@UFPSO.EDU.CO;+573241088762;$2a$12$LQv3c1yqBWVHxkd0LHAkCOYz6TtxMaJqHtuBap2VMXpqQ8P/U1.O2;Y;N;N;2026-05-12 12:06:13;\N;2026-05-21 20:16:37
0240036;024;HECTOR;ALEJANDRO;ACOSTA;OSORIO;HAACOSTAO@UFPSO.EDU.CO;+573205806156;$2a$12$LQv3c1yqBWVHxkd0LHAkCOYz6TtxMaJqHtuBap2VMXpqQ8P/U1.O2;Y;Y;Y;2023-06-06 09:04:16;\N;2026-02-07 19:39:41
0240037;024;MONICA;\N;LOPEZ;OCAMPO;MLOPEZO@UFPSO.EDU.CO;+573239565571;$2a$12$LQv3c1yqBWVHxkd0LHAkCOYz6TtxMaJqHtuBap2VMXpqQ8P/U1.O2;N;N;N;2024-11-18 21:00:12;\N;2025-04-15 10:03:02
0240038;024;KAREN;ALBERTO;RIVERA;TORO;KARIVERAT@UFPSO.EDU.CO;+573167802338;$2a$12$LQv3c1yqBWVHxkd0LHAkCOYz6TtxMaJqHtuBap2VMXpqQ8P/U1.O2;Y;Y;N;2023-02-24 18:15:41;\N;2026-05-19 19:22:42
0240039;024;OLGA;SERGIO;DUARTE;ACOSTA;OSDUARTEA@UFPSO.EDU.CO;+573108629590;$2a$12$LQv3c1yqBWVHxkd0LHAkCOYz6TtxMaJqHtuBap2VMXpqQ8P/U1.O2;Y;Y;N;2025-08-01 09:35:18;\N;2026-01-28 15:14:38
0240040;024;ANDREA;\N;GARCIA;TARAZONA;AGARCIAT@UFPSO.EDU.CO;+573225196677;$2a$12$LQv3c1yqBWVHxkd0LHAkCOYz6TtxMaJqHtuBap2VMXpqQ8P/U1.O2;Y;Y;Y;2023-03-31 20:32:06;\N;2025-11-30 15:56:34
0240041;024;ANGELA;\N;ORTEGA;MONTOYA;AORTEGAM@UFPSO.EDU.CO;+573122133372;$2a$12$LQv3c1yqBWVHxkd0LHAkCOYz6TtxMaJqHtuBap2VMXpqQ8P/U1.O2;N;N;N;2025-06-04 14:48:21;\N;2026-01-20 22:18:28
0240042;024;CRISTIAN;ALBERTO;JIMENEZ;BERNAL;CAJIMENEZB@UFPSO.EDU.CO;+573506737688;$2a$12$LQv3c1yqBWVHxkd0LHAkCOYz6TtxMaJqHtuBap2VMXpqQ8P/U1.O2;Y;N;N;2025-10-28 18:33:34;\N;2026-01-03 16:05:25
0240043;024;GABRIEL;\N;GOMEZ;FONSECA;GGOMEZF@UFPSO.EDU.CO;+573115061034;$2a$12$LQv3c1yqBWVHxkd0LHAkCOYz6TtxMaJqHtuBap2VMXpqQ8P/U1.O2;Y;Y;N;2025-04-22 18:13:57;\N;2025-12-19 22:47:12
0240044;024;WILLIAM;SERGIO;JIMENEZ;PRADA;WSJIMENEZP@UFPSO.EDU.CO;+573211709057;$2a$12$LQv3c1yqBWVHxkd0LHAkCOYz6TtxMaJqHtuBap2VMXpqQ8P/U1.O2;Y;N;N;2023-04-19 18:09:49;\N;2026-04-23 22:39:00
0240045;024;HELENA;JAVIER;RAMOS;GUZMAN;HJRAMOSG@UFPSO.EDU.CO;+573041908455;$2a$12$LQv3c1yqBWVHxkd0LHAkCOYz6TtxMaJqHtuBap2VMXpqQ8P/U1.O2;N;N;N;2024-06-27 15:31:11;\N;2024-10-08 06:19:47
0240046;024;KAREN;LUIS;ACOSTA;JARAMILLO;KLACOSTAJ@UFPSO.EDU.CO;+573001198306;$2a$12$LQv3c1yqBWVHxkd0LHAkCOYz6TtxMaJqHtuBap2VMXpqQ8P/U1.O2;Y;Y;N;2025-02-09 18:25:55;\N;2026-04-28 21:20:44
0240047;024;VIVIANA;SERGIO;ORTEGA;NARANJO;VSORTEGAN@UFPSO.EDU.CO;+573124978534;$2a$12$LQv3c1yqBWVHxkd0LHAkCOYz6TtxMaJqHtuBap2VMXpqQ8P/U1.O2;N;N;N;2023-08-09 17:23:39;\N;\N
0240048;024;ALEJANDRO;\N;SUAREZ;ESCOBAR;ASUAREZE@UFPSO.EDU.CO;+573053200150;$2a$12$LQv3c1yqBWVHxkd0LHAkCOYz6TtxMaJqHtuBap2VMXpqQ8P/U1.O2;Y;N;N;2025-03-20 22:27:13;\N;2026-02-02 19:17:28
0240049;024;NATALIA;ALBERTO;SANCHEZ;URIBE;NASANCHEZU@UFPSO.EDU.CO;+573003962978;$2a$12$LQv3c1yqBWVHxkd0LHAkCOYz6TtxMaJqHtuBap2VMXpqQ8P/U1.O2;Y;N;N;2023-04-16 20:54:24;\N;2026-05-09 11:30:51
0240050;024;CAROLINA;\N;TORRES;QUEVEDO;CTORRESQ@UFPSO.EDU.CO;+573014614941;$2a$12$LQv3c1yqBWVHxkd0LHAkCOYz6TtxMaJqHtuBap2VMXpqQ8P/U1.O2;Y;Y;N;2024-06-12 17:50:31;\N;2026-02-10 10:44:10
0310001;031;WILLIAM;\N;SANCHEZ;DAVILA;WSANCHEZD@UFPSO.EDU.CO;+573036890320;$2a$12$LQv3c1yqBWVHxkd0LHAkCOYz6TtxMaJqHtuBap2VMXpqQ8P/U1.O2;Y;N;N;2024-10-08 15:23:23;\N;2026-01-05 18:01:26
0310002;031;VIVIANA;\N;DIAZ;MONTOYA;VDIAZM@UFPSO.EDU.CO;+573165807067;$2a$12$LQv3c1yqBWVHxkd0LHAkCOYz6TtxMaJqHtuBap2VMXpqQ8P/U1.O2;Y;Y;Y;2024-06-27 12:49:18;\N;2026-05-08 21:56:05
0310003;031;GLORIA;ALEJANDRO;RIVERA;QUEVEDO;GARIVERAQ@UFPSO.EDU.CO;+573116259356;$2a$12$LQv3c1yqBWVHxkd0LHAkCOYz6TtxMaJqHtuBap2VMXpqQ8P/U1.O2;Y;N;N;2025-04-28 20:40:39;\N;2025-11-19 09:10:21
0310004;031;CAMILO;FERNEY;MEDINA;OSORIO;CFMEDINAO@UFPSO.EDU.CO;+573051387572;$2a$12$LQv3c1yqBWVHxkd0LHAkCOYz6TtxMaJqHtuBap2VMXpqQ8P/U1.O2;Y;N;N;2025-05-13 15:56:28;\N;2026-05-11 21:26:10
0310005;031;LUIS;ALBERTO;HERRERA;FUENTES;LAHERRERAF@UFPSO.EDU.CO;+573169790972;$2a$12$LQv3c1yqBWVHxkd0LHAkCOYz6TtxMaJqHtuBap2VMXpqQ8P/U1.O2;Y;N;N;2024-03-25 12:25:06;\N;2026-03-02 08:01:49
0310006;031;LINA;DANIEL;SANCHEZ;TARAZONA;LDSANCHEZT@UFPSO.EDU.CO;+573049837269;$2a$12$LQv3c1yqBWVHxkd0LHAkCOYz6TtxMaJqHtuBap2VMXpqQ8P/U1.O2;N;N;N;2023-08-23 09:41:59;\N;2023-11-05 07:22:07
0310007;031;NICOLAS;JOSE;MARTINEZ;SERRANO;NJMARTINEZS@UFPSO.EDU.CO;+573213970181;$2a$12$LQv3c1yqBWVHxkd0LHAkCOYz6TtxMaJqHtuBap2VMXpqQ8P/U1.O2;Y;N;N;2025-05-03 17:55:30;\N;2026-01-09 21:08:44
0310008;031;OLGA;\N;ROMERO;QUEVEDO;OROMEROQ@UFPSO.EDU.CO;+573186165171;$2a$12$LQv3c1yqBWVHxkd0LHAkCOYz6TtxMaJqHtuBap2VMXpqQ8P/U1.O2;Y;Y;Y;2025-06-25 20:33:40;\N;2026-03-19 14:51:05
0310009;031;MAURICIO;LUIS;HERRERA;MORA;MLHERRERAM@UFPSO.EDU.CO;+573519253243;$2a$12$LQv3c1yqBWVHxkd0LHAkCOYz6TtxMaJqHtuBap2VMXpqQ8P/U1.O2;N;N;N;2025-04-19 07:00:33;\N;2025-07-03 05:34:33
0310010;031;LINA;\N;VARGAS;ACOSTA;LVARGASA@UFPSO.EDU.CO;+573057538471;$2a$12$LQv3c1yqBWVHxkd0LHAkCOYz6TtxMaJqHtuBap2VMXpqQ8P/U1.O2;Y;Y;Y;2025-05-22 16:38:14;\N;2026-03-24 20:25:15
0310011;031;CRISTIAN;ALBERTO;HERRERA;FUENTES;CAHERRERAF@UFPSO.EDU.CO;+573215510085;$2a$12$LQv3c1yqBWVHxkd0LHAkCOYz6TtxMaJqHtuBap2VMXpqQ8P/U1.O2;Y;Y;N;2025-05-20 14:33:48;\N;2026-01-09 16:41:47
0310012;031;CAROLINA;SERGIO;GONZALEZ;OCAMPO;CSGONZALEZO@UFPSO.EDU.CO;+573041832687;$2a$12$LQv3c1yqBWVHxkd0LHAkCOYz6TtxMaJqHtuBap2VMXpqQ8P/U1.O2;Y;Y;N;2023-08-18 16:07:40;\N;2026-03-06 13:20:01
0310013;031;LAURA;JOSE;GOMEZ;IBARRA;LJGOMEZI@UFPSO.EDU.CO;+573176227389;$2a$12$LQv3c1yqBWVHxkd0LHAkCOYz6TtxMaJqHtuBap2VMXpqQ8P/U1.O2;Y;Y;Y;2024-09-25 15:08:45;\N;2025-11-04 22:13:21
0310014;031;ISABEL;JAVIER;ROMERO;CONTRERAS;IJROMEROC@UFPSO.EDU.CO;+573162197636;$2a$12$LQv3c1yqBWVHxkd0LHAkCOYz6TtxMaJqHtuBap2VMXpqQ8P/U1.O2;N;N;N;2024-10-07 09:53:48;\N;\N
0310015;031;LAURA;\N;GOMEZ;PRADA;LGOMEZP@UFPSO.EDU.CO;+573111562209;$2a$12$LQv3c1yqBWVHxkd0LHAkCOYz6TtxMaJqHtuBap2VMXpqQ8P/U1.O2;Y;N;N;2023-04-20 19:53:00;\N;2026-01-03 19:49:28
0310016;031;PABLO;\N;SANCHEZ;INFANTE;PSANCHEZI@UFPSO.EDU.CO;+573219739692;$2a$12$LQv3c1yqBWVHxkd0LHAkCOYz6TtxMaJqHtuBap2VMXpqQ8P/U1.O2;N;N;N;2023-04-09 22:24:43;\N;2023-06-30 07:12:42
0310017;031;JORGE;ANTONIO;ACOSTA;QUEVEDO;JAACOSTAQ@UFPSO.EDU.CO;+573055632190;$2a$12$LQv3c1yqBWVHxkd0LHAkCOYz6TtxMaJqHtuBap2VMXpqQ8P/U1.O2;Y;Y;N;2024-09-29 13:23:56;\N;2025-12-31 20:20:00
0310018;031;OLGA;FELIPE;GUERRERO;SALCEDO;OFGUERREROS@UFPSO.EDU.CO;+573192533463;$2a$12$LQv3c1yqBWVHxkd0LHAkCOYz6TtxMaJqHtuBap2VMXpqQ8P/U1.O2;Y;Y;Y;2025-07-17 08:37:50;\N;2026-05-17 09:15:10
0310019;031;VIVIANA;\N;SUAREZ;QUEVEDO;VSUAREZQ@UFPSO.EDU.CO;+573246827024;$2a$12$LQv3c1yqBWVHxkd0LHAkCOYz6TtxMaJqHtuBap2VMXpqQ8P/U1.O2;Y;Y;Y;2024-07-30 08:22:41;\N;2026-03-05 14:20:35
0310020;031;FERNANDA;SERGIO;RODRIGUEZ;FRANCO;FSRODRIGUEZF@UFPSO.EDU.CO;+573056832845;$2a$12$LQv3c1yqBWVHxkd0LHAkCOYz6TtxMaJqHtuBap2VMXpqQ8P/U1.O2;Y;Y;N;2023-05-17 11:16:57;\N;2026-03-19 22:12:36
0310021;031;CAMILO;\N;MEDINA;OSORIO;CMEDINAO@UFPSO.EDU.CO;+573249488562;$2a$12$LQv3c1yqBWVHxkd0LHAkCOYz6TtxMaJqHtuBap2VMXpqQ8P/U1.O2;Y;N;N;2025-08-25 09:33:09;\N;2026-03-19 18:29:00
0310022;031;CRISTIAN;CAMILO;RODRIGUEZ;PACHECO;CCRODRIGUEZP@UFPSO.EDU.CO;+573193585897;$2a$12$LQv3c1yqBWVHxkd0LHAkCOYz6TtxMaJqHtuBap2VMXpqQ8P/U1.O2;Y;N;N;2025-05-05 14:20:46;\N;2026-02-08 13:33:43
0310023;031;VALENTINA;FERNEY;RAMOS;BECERRA;VFRAMOSB@UFPSO.EDU.CO;+573194214793;$2a$12$LQv3c1yqBWVHxkd0LHAkCOYz6TtxMaJqHtuBap2VMXpqQ8P/U1.O2;Y;Y;N;2023-10-05 10:06:33;\N;2025-12-16 08:12:06
0310024;031;IVAN;MARIA;IBARRA;RINCON;IMIBARRAR@UFPSO.EDU.CO;+573109244416;$2a$12$LQv3c1yqBWVHxkd0LHAkCOYz6TtxMaJqHtuBap2VMXpqQ8P/U1.O2;Y;Y;Y;2023-05-25 22:33:39;\N;2026-04-05 09:00:59
0310025;031;HECTOR;\N;LOPEZ;ESCOBAR;HLOPEZE@UFPSO.EDU.CO;+573024622201;$2a$12$LQv3c1yqBWVHxkd0LHAkCOYz6TtxMaJqHtuBap2VMXpqQ8P/U1.O2;Y;Y;Y;2023-10-29 18:50:45;\N;2026-05-07 09:53:19
0310026;031;KAREN;FELIPE;SANCHEZ;RESTREPO;KFSANCHEZR@UFPSO.EDU.CO;+573247005628;$2a$12$LQv3c1yqBWVHxkd0LHAkCOYz6TtxMaJqHtuBap2VMXpqQ8P/U1.O2;Y;Y;N;2024-06-16 19:12:12;\N;2025-12-16 20:47:06
0310027;031;VIVIANA;\N;NAVARRO;IBARRA;VNAVARROI@UFPSO.EDU.CO;+573146446792;$2a$12$LQv3c1yqBWVHxkd0LHAkCOYz6TtxMaJqHtuBap2VMXpqQ8P/U1.O2;Y;Y;Y;2025-03-15 12:35:25;\N;2026-04-03 21:59:22
0310028;031;MAURICIO;LUIS;NAVARRO;BERNAL;MLNAVARROB@UFPSO.EDU.CO;+573001581546;$2a$12$LQv3c1yqBWVHxkd0LHAkCOYz6TtxMaJqHtuBap2VMXpqQ8P/U1.O2;Y;N;N;2025-04-03 13:24:49;\N;2026-02-01 21:28:25
0310029;031;DIEGO;\N;RODRIGUEZ;INFANTE;DRODRIGUEZI@UFPSO.EDU.CO;+573141364088;$2a$12$LQv3c1yqBWVHxkd0LHAkCOYz6TtxMaJqHtuBap2VMXpqQ8P/U1.O2;N;N;N;2023-03-21 16:00:19;\N;\N
0310030;031;JOHANNA;ANTONIO;FUENTES;HOYOS;JAFUENTESH@UFPSO.EDU.CO;+573132541912;$2a$12$LQv3c1yqBWVHxkd0LHAkCOYz6TtxMaJqHtuBap2VMXpqQ8P/U1.O2;Y;Y;Y;2024-08-23 10:02:29;\N;2026-03-30 14:14:16
0310031;031;NATALIA;ANDRES;IBARRA;QUINTERO;NAIBARRAQ@UFPSO.EDU.CO;+573131626991;$2a$12$LQv3c1yqBWVHxkd0LHAkCOYz6TtxMaJqHtuBap2VMXpqQ8P/U1.O2;Y;N;N;2024-02-20 17:50:30;\N;2026-04-26 10:38:41
0310032;031;CLAUDIA;\N;ORTEGA;FUENTES;CORTEGAF@UFPSO.EDU.CO;+573247417066;$2a$12$LQv3c1yqBWVHxkd0LHAkCOYz6TtxMaJqHtuBap2VMXpqQ8P/U1.O2;N;N;N;2024-07-29 17:22:56;\N;2024-08-29 01:03:45
0310033;031;FABIAN;FERNEY;DUARTE;CONTRERAS;FFDUARTEC@UFPSO.EDU.CO;+573229467953;$2a$12$LQv3c1yqBWVHxkd0LHAkCOYz6TtxMaJqHtuBap2VMXpqQ8P/U1.O2;Y;Y;N;2023-05-07 11:20:32;\N;2026-02-09 21:48:38
0310034;031;HECTOR;ALBERTO;NAVARRO;VEGA;HANAVARROV@UFPSO.EDU.CO;+573208289551;$2a$12$LQv3c1yqBWVHxkd0LHAkCOYz6TtxMaJqHtuBap2VMXpqQ8P/U1.O2;Y;Y;Y;2024-10-23 11:08:21;\N;2026-02-11 15:05:25
0310035;031;JOHANNA;ALEJANDRO;TORRES;FONSECA;JATORRESF@UFPSO.EDU.CO;+573128215305;$2a$12$LQv3c1yqBWVHxkd0LHAkCOYz6TtxMaJqHtuBap2VMXpqQ8P/U1.O2;Y;Y;N;2024-09-03 22:25:41;\N;2026-03-15 14:15:04
0310036;031;CAMILO;\N;PEREZ;JAIMES;CPEREZJ@UFPSO.EDU.CO;+573238419054;$2a$12$LQv3c1yqBWVHxkd0LHAkCOYz6TtxMaJqHtuBap2VMXpqQ8P/U1.O2;Y;Y;N;2023-10-28 20:23:22;\N;2026-05-17 16:10:22
0310037;031;VALENTINA;ALEJANDRO;MOLINA;CONTRERAS;VAMOLINAC@UFPSO.EDU.CO;+573113477610;$2a$12$LQv3c1yqBWVHxkd0LHAkCOYz6TtxMaJqHtuBap2VMXpqQ8P/U1.O2;Y;N;N;2024-03-31 13:43:23;\N;2025-11-22 10:47:03
0310038;031;DIEGO;JOSE;SUAREZ;JAIMES;DJSUAREZJ@UFPSO.EDU.CO;+573129103837;$2a$12$LQv3c1yqBWVHxkd0LHAkCOYz6TtxMaJqHtuBap2VMXpqQ8P/U1.O2;Y;N;N;2025-04-20 21:30:01;\N;2025-12-25 13:34:33
0310039;031;VALENTINA;ALEJANDRO;RODRIGUEZ;FRANCO;VARODRIGUEZF@UFPSO.EDU.CO;+573002117325;$2a$12$LQv3c1yqBWVHxkd0LHAkCOYz6TtxMaJqHtuBap2VMXpqQ8P/U1.O2;Y;Y;N;2023-11-26 08:16:10;\N;2026-01-09 08:29:41
0310040;031;CRISTIAN;ANTONIO;SILVA;IBARRA;CASILVAI@UFPSO.EDU.CO;+573199918107;$2a$12$LQv3c1yqBWVHxkd0LHAkCOYz6TtxMaJqHtuBap2VMXpqQ8P/U1.O2;Y;Y;Y;2026-02-03 16:55:56;\N;2026-05-06 03:53:16
0310041;031;HECTOR;CAMILO;DIAZ;HOYOS;HCDIAZH@UFPSO.EDU.CO;+573506904121;$2a$12$LQv3c1yqBWVHxkd0LHAkCOYz6TtxMaJqHtuBap2VMXpqQ8P/U1.O2;N;N;N;2025-05-29 07:02:15;\N;2025-12-17 19:03:37
0310042;031;FELIPE;FERNEY;RUIZ;HOYOS;FFRUIZH@UFPSO.EDU.CO;+573147590872;$2a$12$LQv3c1yqBWVHxkd0LHAkCOYz6TtxMaJqHtuBap2VMXpqQ8P/U1.O2;N;N;N;2025-09-23 08:40:16;\N;2025-10-11 23:54:25
0310043;031;PAOLA;ALEJANDRO;PEREZ;FRANCO;PAPEREZF@UFPSO.EDU.CO;+573044468811;$2a$12$LQv3c1yqBWVHxkd0LHAkCOYz6TtxMaJqHtuBap2VMXpqQ8P/U1.O2;Y;Y;Y;2024-06-13 14:26:15;\N;2026-04-04 17:28:34
0310044;031;LEIDY;ALEJANDRO;ESPINOSA;TORO;LAESPINOSAT@UFPSO.EDU.CO;+573223651604;$2a$12$LQv3c1yqBWVHxkd0LHAkCOYz6TtxMaJqHtuBap2VMXpqQ8P/U1.O2;Y;Y;Y;2024-09-04 11:19:44;\N;2026-05-17 11:41:59
0310045;031;CAMILO;DANIEL;FUENTES;JARAMILLO;CDFUENTESJ@UFPSO.EDU.CO;+573245593537;$2a$12$LQv3c1yqBWVHxkd0LHAkCOYz6TtxMaJqHtuBap2VMXpqQ8P/U1.O2;N;N;N;2023-03-17 12:20:53;\N;2023-07-02 08:40:21
0310046;031;MIGUEL;SERGIO;SANCHEZ;LOZANO;MSSANCHEZL@UFPSO.EDU.CO;+573007027405;$2a$12$LQv3c1yqBWVHxkd0LHAkCOYz6TtxMaJqHtuBap2VMXpqQ8P/U1.O2;Y;Y;N;2024-08-31 07:48:39;\N;2026-04-02 14:14:43
0310047;031;HECTOR;\N;TORRES;HOYOS;HTORRESH@UFPSO.EDU.CO;+573005527477;$2a$12$LQv3c1yqBWVHxkd0LHAkCOYz6TtxMaJqHtuBap2VMXpqQ8P/U1.O2;Y;Y;Y;2023-11-12 18:11:54;\N;2025-12-28 08:26:48
0310048;031;CAROLINA;ALBERTO;DIAZ;QUINTERO;CADIAZQ@UFPSO.EDU.CO;+573017381619;$2a$12$LQv3c1yqBWVHxkd0LHAkCOYz6TtxMaJqHtuBap2VMXpqQ8P/U1.O2;N;N;N;2024-07-31 12:59:28;\N;2024-11-27 03:26:53
0310049;031;CLAUDIA;WILMAR;GUERRERO;PACHECO;CWGUERREROP@UFPSO.EDU.CO;+573161658532;$2a$12$LQv3c1yqBWVHxkd0LHAkCOYz6TtxMaJqHtuBap2VMXpqQ8P/U1.O2;Y;N;N;2026-05-07 08:33:06;\N;2026-05-09 23:06:40
0310050;031;MARIA;ANDRES;DUARTE;QUEVEDO;MADUARTEQ@UFPSO.EDU.CO;+573231915141;$2a$12$LQv3c1yqBWVHxkd0LHAkCOYz6TtxMaJqHtuBap2VMXpqQ8P/U1.O2;Y;Y;N;2023-02-27 13:18:28;\N;2026-02-27 12:27:18
0710001;071;ANGELA;\N;FLORES;ECHEVERRI;AFLORESE@UFPSO.EDU.CO;+573148564609;$2a$12$LQv3c1yqBWVHxkd0LHAkCOYz6TtxMaJqHtuBap2VMXpqQ8P/U1.O2;Y;N;N;2025-11-07 09:46:32;\N;2026-05-05 21:11:58
0710002;071;CARLOS;CAMILO;ROMERO;NARANJO;CCROMERON@UFPSO.EDU.CO;+573518539654;$2a$12$LQv3c1yqBWVHxkd0LHAkCOYz6TtxMaJqHtuBap2VMXpqQ8P/U1.O2;Y;Y;N;2023-09-04 21:05:16;\N;2025-12-12 10:05:07
0710003;071;XIMENA;JAVIER;PEREZ;INFANTE;XJPEREZI@UFPSO.EDU.CO;+573044000886;$2a$12$LQv3c1yqBWVHxkd0LHAkCOYz6TtxMaJqHtuBap2VMXpqQ8P/U1.O2;Y;N;N;2024-05-09 12:24:35;\N;2026-01-25 11:10:55
0710004;071;JOHANNA;MARIA;DELGADO;WILCHES;JMDELGADOW@UFPSO.EDU.CO;+573121204812;$2a$12$LQv3c1yqBWVHxkd0LHAkCOYz6TtxMaJqHtuBap2VMXpqQ8P/U1.O2;Y;N;N;2026-03-12 21:18:40;\N;2026-04-08 04:58:28
0710005;071;GLORIA;\N;BARRERA;JARAMILLO;GBARRERAJ@UFPSO.EDU.CO;+573215665960;$2a$12$LQv3c1yqBWVHxkd0LHAkCOYz6TtxMaJqHtuBap2VMXpqQ8P/U1.O2;Y;Y;Y;2023-02-16 22:15:13;\N;2025-11-21 07:15:56
0710006;071;VALENTINA;\N;MORALES;DUARTE;VMORALESD@UFPSO.EDU.CO;+573021822609;$2a$12$LQv3c1yqBWVHxkd0LHAkCOYz6TtxMaJqHtuBap2VMXpqQ8P/U1.O2;Y;Y;Y;2026-02-24 11:03:41;\N;2026-05-10 03:25:39
0710007;071;IVAN;LUIS;GOMEZ;NIETO;ILGOMEZN@UFPSO.EDU.CO;+573162135258;$2a$12$LQv3c1yqBWVHxkd0LHAkCOYz6TtxMaJqHtuBap2VMXpqQ8P/U1.O2;Y;N;N;2024-09-25 12:29:47;\N;2025-11-24 16:20:23
0710008;071;LINA;LUIS;FUENTES;ESPINOSA;LLFUENTESE@UFPSO.EDU.CO;+573231976175;$2a$12$LQv3c1yqBWVHxkd0LHAkCOYz6TtxMaJqHtuBap2VMXpqQ8P/U1.O2;Y;Y;Y;2025-09-27 22:08:07;\N;2026-03-15 13:44:13
0710009;071;IVAN;\N;DUARTE;FUENTES;IDUARTEF@UFPSO.EDU.CO;+573226936673;$2a$12$LQv3c1yqBWVHxkd0LHAkCOYz6TtxMaJqHtuBap2VMXpqQ8P/U1.O2;N;N;N;2026-04-03 16:27:38;\N;\N
0710010;071;LUIS;\N;IBARRA;GUZMAN;LIBARRAG@UFPSO.EDU.CO;+573182978465;$2a$12$LQv3c1yqBWVHxkd0LHAkCOYz6TtxMaJqHtuBap2VMXpqQ8P/U1.O2;Y;Y;N;2025-11-25 22:31:51;\N;2026-01-15 05:38:52
0710011;071;JENNIFER;SERGIO;DELGADO;BECERRA;JSDELGADOB@UFPSO.EDU.CO;+573244375360;$2a$12$LQv3c1yqBWVHxkd0LHAkCOYz6TtxMaJqHtuBap2VMXpqQ8P/U1.O2;N;N;N;2023-02-26 17:22:35;\N;\N
0710012;071;ANGELA;FERNEY;HERRERA;ESPINOSA;AFHERRERAE@UFPSO.EDU.CO;+573231488508;$2a$12$LQv3c1yqBWVHxkd0LHAkCOYz6TtxMaJqHtuBap2VMXpqQ8P/U1.O2;Y;Y;N;2025-10-01 16:32:35;\N;2026-01-27 19:46:36
0710013;071;OSCAR;SERGIO;SUAREZ;CANO;OSSUAREZC@UFPSO.EDU.CO;+573171939897;$2a$12$LQv3c1yqBWVHxkd0LHAkCOYz6TtxMaJqHtuBap2VMXpqQ8P/U1.O2;Y;Y;N;2023-06-17 22:51:02;\N;2026-03-18 17:29:50
0710014;071;KAREN;FERNEY;IBARRA;TORO;KFIBARRAT@UFPSO.EDU.CO;+573121522998;$2a$12$LQv3c1yqBWVHxkd0LHAkCOYz6TtxMaJqHtuBap2VMXpqQ8P/U1.O2;Y;N;N;2024-10-03 07:13:36;\N;2026-05-23 18:04:09
0710015;071;SERGIO;ANDRES;ESPINOSA;NIETO;SAESPINOSAN@UFPSO.EDU.CO;+573194986975;$2a$12$LQv3c1yqBWVHxkd0LHAkCOYz6TtxMaJqHtuBap2VMXpqQ8P/U1.O2;N;N;N;2023-10-22 12:38:07;\N;2023-11-01 04:04:12
0710016;071;MAURICIO;\N;VARGAS;QUINTERO;MVARGASQ@UFPSO.EDU.CO;+573199389519;$2a$12$LQv3c1yqBWVHxkd0LHAkCOYz6TtxMaJqHtuBap2VMXpqQ8P/U1.O2;Y;Y;Y;2024-11-26 16:11:07;\N;2025-11-24 21:32:01
0710017;071;MIGUEL;SERGIO;SUAREZ;FONSECA;MSSUAREZF@UFPSO.EDU.CO;+573018706923;$2a$12$LQv3c1yqBWVHxkd0LHAkCOYz6TtxMaJqHtuBap2VMXpqQ8P/U1.O2;Y;N;N;2024-06-14 16:49:20;\N;2026-03-13 11:13:46
0710018;071;CRISTIAN;\N;RAMIREZ;ACOSTA;CRAMIREZA@UFPSO.EDU.CO;+573506242557;$2a$12$LQv3c1yqBWVHxkd0LHAkCOYz6TtxMaJqHtuBap2VMXpqQ8P/U1.O2;Y;Y;Y;2025-04-21 08:43:54;\N;2025-11-12 10:33:49
0710019;071;CARLOS;\N;VARGAS;QUEVEDO;CVARGASQ@UFPSO.EDU.CO;+573055590865;$2a$12$LQv3c1yqBWVHxkd0LHAkCOYz6TtxMaJqHtuBap2VMXpqQ8P/U1.O2;Y;Y;N;2024-03-25 17:12:12;\N;2026-04-21 10:17:09
0710020;071;JORGE;JOSE;FUENTES;HOYOS;JJFUENTESH@UFPSO.EDU.CO;+573136683095;$2a$12$LQv3c1yqBWVHxkd0LHAkCOYz6TtxMaJqHtuBap2VMXpqQ8P/U1.O2;Y;Y;N;2024-02-27 13:34:22;\N;2026-01-12 14:10:04
0710021;071;LAURA;\N;LOPEZ;LOZANO;LLOPEZL@UFPSO.EDU.CO;+573228479891;$2a$12$LQv3c1yqBWVHxkd0LHAkCOYz6TtxMaJqHtuBap2VMXpqQ8P/U1.O2;Y;Y;Y;2023-02-22 22:57:43;\N;2026-02-09 12:45:38
0710022;071;VALENTINA;JAVIER;VARGAS;CANO;VJVARGASC@UFPSO.EDU.CO;+573138808058;$2a$12$LQv3c1yqBWVHxkd0LHAkCOYz6TtxMaJqHtuBap2VMXpqQ8P/U1.O2;Y;Y;Y;2024-09-03 09:59:48;\N;2026-04-28 21:06:29
0710023;071;HELENA;ALBERTO;JIMENEZ;MORA;HAJIMENEZM@UFPSO.EDU.CO;+573002096646;$2a$12$LQv3c1yqBWVHxkd0LHAkCOYz6TtxMaJqHtuBap2VMXpqQ8P/U1.O2;Y;N;N;2026-03-23 12:44:58;\N;2026-05-20 06:14:29
0710024;071;HELENA;FELIPE;MENDOZA;FONSECA;HFMENDOZAF@UFPSO.EDU.CO;+573242189907;$2a$12$LQv3c1yqBWVHxkd0LHAkCOYz6TtxMaJqHtuBap2VMXpqQ8P/U1.O2;Y;Y;Y;2025-05-30 12:18:49;\N;2026-02-12 10:20:35
0710025;071;JUAN;\N;ROMERO;AMAYA;JROMEROA@UFPSO.EDU.CO;+573518233471;$2a$12$LQv3c1yqBWVHxkd0LHAkCOYz6TtxMaJqHtuBap2VMXpqQ8P/U1.O2;Y;Y;Y;2026-04-17 20:15:39;\N;2026-04-23 13:29:31
0710026;071;DIANA;\N;SUAREZ;JARAMILLO;DSUAREZJ@UFPSO.EDU.CO;+573238766314;$2a$12$LQv3c1yqBWVHxkd0LHAkCOYz6TtxMaJqHtuBap2VMXpqQ8P/U1.O2;Y;N;N;2025-09-13 12:42:42;\N;2026-03-27 22:07:37
0710027;071;CAMILO;\N;SANCHEZ;DAVILA;CSANCHEZD@UFPSO.EDU.CO;+573502031500;$2a$12$LQv3c1yqBWVHxkd0LHAkCOYz6TtxMaJqHtuBap2VMXpqQ8P/U1.O2;Y;Y;N;2023-04-01 16:25:04;\N;2026-02-06 17:31:41
0710028;071;HECTOR;SERGIO;TORRES;NARANJO;HSTORRESN@UFPSO.EDU.CO;+573146028724;$2a$12$LQv3c1yqBWVHxkd0LHAkCOYz6TtxMaJqHtuBap2VMXpqQ8P/U1.O2;Y;Y;N;2023-02-15 11:42:09;\N;2026-02-23 13:13:43
0710029;071;NATALIA;FERNEY;NAVARRO;DURAN;NFNAVARROD@UFPSO.EDU.CO;+573217027124;$2a$12$LQv3c1yqBWVHxkd0LHAkCOYz6TtxMaJqHtuBap2VMXpqQ8P/U1.O2;Y;Y;Y;2023-03-09 07:39:32;\N;2026-02-03 08:00:45
0710030;071;JORGE;FERNEY;RODRIGUEZ;SALCEDO;JFRODRIGUEZS@UFPSO.EDU.CO;+573107452434;$2a$12$LQv3c1yqBWVHxkd0LHAkCOYz6TtxMaJqHtuBap2VMXpqQ8P/U1.O2;Y;Y;Y;2023-06-05 19:40:20;\N;2025-12-25 12:30:08
0710031;071;MAURICIO;LUIS;FLORES;VEGA;MLFLORESV@UFPSO.EDU.CO;+573047976896;$2a$12$LQv3c1yqBWVHxkd0LHAkCOYz6TtxMaJqHtuBap2VMXpqQ8P/U1.O2;Y;Y;N;2024-08-16 11:00:04;\N;2026-04-18 20:08:05
0710032;071;GLORIA;\N;NAVARRO;PACHECO;GNAVARROP@UFPSO.EDU.CO;+573229357686;$2a$12$LQv3c1yqBWVHxkd0LHAkCOYz6TtxMaJqHtuBap2VMXpqQ8P/U1.O2;Y;Y;Y;2024-08-30 21:32:27;\N;2025-12-18 20:38:00
0710033;071;CLAUDIA;ALBERTO;CONTRERAS;URIBE;CACONTRERASU@UFPSO.EDU.CO;+573205687895;$2a$12$LQv3c1yqBWVHxkd0LHAkCOYz6TtxMaJqHtuBap2VMXpqQ8P/U1.O2;Y;Y;Y;2023-05-31 18:02:02;\N;2026-03-04 09:09:46
0710034;071;GLORIA;\N;PEREZ;INFANTE;GPEREZI@UFPSO.EDU.CO;+573149976368;$2a$12$LQv3c1yqBWVHxkd0LHAkCOYz6TtxMaJqHtuBap2VMXpqQ8P/U1.O2;Y;N;N;2025-08-06 14:30:40;\N;2025-11-20 16:39:03
0710035;071;JOHANNA;JOSE;ACOSTA;ECHEVERRI;JJACOSTAE@UFPSO.EDU.CO;+573516101462;$2a$12$LQv3c1yqBWVHxkd0LHAkCOYz6TtxMaJqHtuBap2VMXpqQ8P/U1.O2;Y;Y;N;2025-11-23 22:36:46;\N;2026-02-08 14:46:48
0710036;071;CLAUDIA;\N;HERRERA;DUARTE;CHERRERAD@UFPSO.EDU.CO;+573049482495;$2a$12$LQv3c1yqBWVHxkd0LHAkCOYz6TtxMaJqHtuBap2VMXpqQ8P/U1.O2;Y;Y;N;2024-06-01 12:36:03;\N;2025-11-07 16:31:05
0710037;071;GABRIEL;ANTONIO;HERRERA;LOZANO;GAHERRERAL@UFPSO.EDU.CO;+573153942713;$2a$12$LQv3c1yqBWVHxkd0LHAkCOYz6TtxMaJqHtuBap2VMXpqQ8P/U1.O2;Y;Y;Y;2024-09-24 15:54:16;\N;2026-04-01 11:42:28
0710038;071;WILLIAM;ALBERTO;BARRERA;OCAMPO;WABARRERAO@UFPSO.EDU.CO;+573118385078;$2a$12$LQv3c1yqBWVHxkd0LHAkCOYz6TtxMaJqHtuBap2VMXpqQ8P/U1.O2;N;N;N;2024-06-15 08:21:05;\N;2024-08-19 05:10:29
0710039;071;CLAUDIA;CAMILO;MORALES;MONTOYA;CCMORALESM@UFPSO.EDU.CO;+573214920186;$2a$12$LQv3c1yqBWVHxkd0LHAkCOYz6TtxMaJqHtuBap2VMXpqQ8P/U1.O2;Y;Y;Y;2024-10-11 08:41:16;\N;2026-02-11 22:19:30
0710040;071;CRISTIAN;ANDRES;ACOSTA;TARAZONA;CAACOSTAT@UFPSO.EDU.CO;+573216936250;$2a$12$LQv3c1yqBWVHxkd0LHAkCOYz6TtxMaJqHtuBap2VMXpqQ8P/U1.O2;N;N;N;2025-03-10 20:00:18;\N;2025-07-25 04:07:16
0710041;071;DIANA;\N;MEDINA;CANO;DMEDINAC@UFPSO.EDU.CO;+573224270310;$2a$12$LQv3c1yqBWVHxkd0LHAkCOYz6TtxMaJqHtuBap2VMXpqQ8P/U1.O2;Y;Y;Y;2023-09-22 15:51:06;\N;2026-04-22 14:46:43
0710042;071;KAREN;WILMAR;GOMEZ;BERNAL;KWGOMEZB@UFPSO.EDU.CO;+573135226115;$2a$12$LQv3c1yqBWVHxkd0LHAkCOYz6TtxMaJqHtuBap2VMXpqQ8P/U1.O2;Y;Y;Y;2024-07-17 07:53:04;\N;2026-02-23 18:14:46
0710043;071;PABLO;MARIA;RODRIGUEZ;PACHECO;PMRODRIGUEZP@UFPSO.EDU.CO;+573233043299;$2a$12$LQv3c1yqBWVHxkd0LHAkCOYz6TtxMaJqHtuBap2VMXpqQ8P/U1.O2;N;N;N;2024-08-07 08:38:42;\N;\N
0710044;071;MONICA;FELIPE;PEREZ;OSORIO;MFPEREZO@UFPSO.EDU.CO;+573182270273;$2a$12$LQv3c1yqBWVHxkd0LHAkCOYz6TtxMaJqHtuBap2VMXpqQ8P/U1.O2;N;N;N;2025-03-06 19:42:48;\N;2025-03-22 07:59:06
0710045;071;XIMENA;\N;MEDINA;CARDENAS;XMEDINAC@UFPSO.EDU.CO;+573125440339;$2a$12$LQv3c1yqBWVHxkd0LHAkCOYz6TtxMaJqHtuBap2VMXpqQ8P/U1.O2;Y;N;N;2023-10-05 15:10:49;\N;2026-02-06 19:21:03
0710046;071;OSCAR;\N;GONZALEZ;GUZMAN;OGONZALEZG@UFPSO.EDU.CO;+573515345236;$2a$12$LQv3c1yqBWVHxkd0LHAkCOYz6TtxMaJqHtuBap2VMXpqQ8P/U1.O2;Y;Y;N;2023-04-07 19:11:41;\N;2025-12-26 10:58:28
0710047;071;IVAN;MARIA;GONZALEZ;ESPINOSA;IMGONZALEZE@UFPSO.EDU.CO;+573123543551;$2a$12$LQv3c1yqBWVHxkd0LHAkCOYz6TtxMaJqHtuBap2VMXpqQ8P/U1.O2;Y;Y;N;2026-04-15 15:49:28;\N;2026-04-17 00:31:52
0710048;071;ANGELA;WILMAR;GUERRERO;MONTOYA;AWGUERREROM@UFPSO.EDU.CO;+573007449562;$2a$12$LQv3c1yqBWVHxkd0LHAkCOYz6TtxMaJqHtuBap2VMXpqQ8P/U1.O2;Y;N;N;2023-02-15 22:30:27;\N;2026-05-21 09:34:14
0710049;071;ANGELA;\N;RAMIREZ;MONTOYA;ARAMIREZM@UFPSO.EDU.CO;+573142349840;$2a$12$LQv3c1yqBWVHxkd0LHAkCOYz6TtxMaJqHtuBap2VMXpqQ8P/U1.O2;Y;Y;N;2024-06-17 18:21:43;\N;2026-04-15 09:23:34
0710050;071;GLORIA;FERNEY;DIAZ;OCAMPO;GFDIAZO@UFPSO.EDU.CO;+573248348147;$2a$12$LQv3c1yqBWVHxkd0LHAkCOYz6TtxMaJqHtuBap2VMXpqQ8P/U1.O2;Y;Y;Y;2024-07-25 19:42:12;\N;2026-04-26 18:31:05
0940001;094;JENNIFER;SERGIO;TORRES;CONTRERAS;JSTORRESC@UFPSO.EDU.CO;+573181275453;$2a$12$LQv3c1yqBWVHxkd0LHAkCOYz6TtxMaJqHtuBap2VMXpqQ8P/U1.O2;Y;Y;N;2024-03-21 07:46:37;\N;2026-04-14 16:31:34
0940002;094;DAVID;WILMAR;LOPEZ;CANO;DWLOPEZC@UFPSO.EDU.CO;+573112208521;$2a$12$LQv3c1yqBWVHxkd0LHAkCOYz6TtxMaJqHtuBap2VMXpqQ8P/U1.O2;N;N;N;2024-07-25 19:07:13;\N;2025-03-24 06:54:50
0940003;094;DAVID;ALEJANDRO;BARRERA;RINCON;DABARRERAR@UFPSO.EDU.CO;+573132632292;$2a$12$LQv3c1yqBWVHxkd0LHAkCOYz6TtxMaJqHtuBap2VMXpqQ8P/U1.O2;Y;Y;N;2025-02-05 22:58:58;\N;2025-11-04 12:40:03
0940004;094;GLORIA;\N;RIVERA;NARANJO;GRIVERAN@UFPSO.EDU.CO;+573507744585;$2a$12$LQv3c1yqBWVHxkd0LHAkCOYz6TtxMaJqHtuBap2VMXpqQ8P/U1.O2;Y;Y;Y;2025-02-17 10:07:31;\N;2025-12-22 20:21:51
0940005;094;CAMILO;FELIPE;IBARRA;JARAMILLO;CFIBARRAJ@UFPSO.EDU.CO;+573173819425;$2a$12$LQv3c1yqBWVHxkd0LHAkCOYz6TtxMaJqHtuBap2VMXpqQ8P/U1.O2;Y;Y;Y;2025-08-19 17:53:50;\N;2025-11-17 10:17:09
0940006;094;ANGELA;JAVIER;FUENTES;NIETO;AJFUENTESN@UFPSO.EDU.CO;+573009169958;$2a$12$LQv3c1yqBWVHxkd0LHAkCOYz6TtxMaJqHtuBap2VMXpqQ8P/U1.O2;Y;Y;N;2025-05-24 14:59:37;\N;2026-04-06 19:49:10
0940007;094;HECTOR;JOSE;GARCIA;OCAMPO;HJGARCIAO@UFPSO.EDU.CO;+573208556779;$2a$12$LQv3c1yqBWVHxkd0LHAkCOYz6TtxMaJqHtuBap2VMXpqQ8P/U1.O2;N;N;N;2024-08-06 16:26:44;\N;2024-09-03 04:07:01
0940008;094;CAROLINA;ALBERTO;GOMEZ;PACHECO;CAGOMEZP@UFPSO.EDU.CO;+573214953366;$2a$12$LQv3c1yqBWVHxkd0LHAkCOYz6TtxMaJqHtuBap2VMXpqQ8P/U1.O2;Y;Y;N;2023-07-24 12:45:31;\N;2026-01-17 18:26:00
0940009;094;PABLO;FELIPE;DUARTE;IBARRA;PFDUARTEI@UFPSO.EDU.CO;+573199346913;$2a$12$LQv3c1yqBWVHxkd0LHAkCOYz6TtxMaJqHtuBap2VMXpqQ8P/U1.O2;Y;Y;Y;2023-05-18 14:29:49;\N;2025-11-29 11:43:54
0940010;094;OSCAR;CAMILO;MARTINEZ;DUARTE;OCMARTINEZD@UFPSO.EDU.CO;+573013950904;$2a$12$LQv3c1yqBWVHxkd0LHAkCOYz6TtxMaJqHtuBap2VMXpqQ8P/U1.O2;Y;Y;N;2023-10-16 16:13:27;\N;2026-02-25 08:06:47
0940011;094;NICOLAS;JOSE;BARRERA;HOYOS;NJBARRERAH@UFPSO.EDU.CO;+573036471590;$2a$12$LQv3c1yqBWVHxkd0LHAkCOYz6TtxMaJqHtuBap2VMXpqQ8P/U1.O2;Y;Y;Y;2024-03-01 09:57:15;\N;2025-12-21 17:14:49
0940012;094;SEBASTIAN;FELIPE;RUIZ;BECERRA;SFRUIZB@UFPSO.EDU.CO;+573238633480;$2a$12$LQv3c1yqBWVHxkd0LHAkCOYz6TtxMaJqHtuBap2VMXpqQ8P/U1.O2;Y;Y;Y;2024-03-23 19:57:14;\N;2026-02-20 11:13:59
0940013;094;OSCAR;ANDRES;SILVA;LOZANO;OASILVAL@UFPSO.EDU.CO;+573041538457;$2a$12$LQv3c1yqBWVHxkd0LHAkCOYz6TtxMaJqHtuBap2VMXpqQ8P/U1.O2;N;N;N;2025-11-09 13:40:22;\N;\N
0940014;094;ANGELA;\N;LOPEZ;URIBE;ALOPEZU@UFPSO.EDU.CO;+573243851044;$2a$12$LQv3c1yqBWVHxkd0LHAkCOYz6TtxMaJqHtuBap2VMXpqQ8P/U1.O2;Y;Y;Y;2023-03-21 10:54:29;\N;2026-01-15 12:50:50
0940015;094;NATALIA;\N;JIMENEZ;FUENTES;NJIMENEZF@UFPSO.EDU.CO;+573115157921;$2a$12$LQv3c1yqBWVHxkd0LHAkCOYz6TtxMaJqHtuBap2VMXpqQ8P/U1.O2;Y;N;N;2023-10-28 22:55:13;\N;2026-01-11 07:46:27
0940016;094;CAMILO;LUIS;JIMENEZ;NARANJO;CLJIMENEZN@UFPSO.EDU.CO;+573192644153;$2a$12$LQv3c1yqBWVHxkd0LHAkCOYz6TtxMaJqHtuBap2VMXpqQ8P/U1.O2;Y;Y;N;2023-03-25 07:26:02;\N;2025-11-09 20:33:25
0940017;094;FERNANDA;\N;RUIZ;FUENTES;FRUIZF@UFPSO.EDU.CO;+573506114309;$2a$12$LQv3c1yqBWVHxkd0LHAkCOYz6TtxMaJqHtuBap2VMXpqQ8P/U1.O2;Y;Y;Y;2025-06-23 07:44:46;\N;2026-01-01 09:01:30
0940018;094;NICOLAS;\N;IBARRA;NARANJO;NIBARRAN@UFPSO.EDU.CO;+573002186125;$2a$12$LQv3c1yqBWVHxkd0LHAkCOYz6TtxMaJqHtuBap2VMXpqQ8P/U1.O2;Y;Y;Y;2025-02-07 21:29:49;\N;2026-02-03 21:45:40
0940019;094;CRISTIAN;WILMAR;DUARTE;CONTRERAS;CWDUARTEC@UFPSO.EDU.CO;+573141919587;$2a$12$LQv3c1yqBWVHxkd0LHAkCOYz6TtxMaJqHtuBap2VMXpqQ8P/U1.O2;Y;Y;N;2024-04-16 20:48:17;\N;2025-12-24 09:39:56
0940020;094;JULIANA;JAVIER;LOPEZ;JAIMES;JJLOPEZJ@UFPSO.EDU.CO;+573103322064;$2a$12$LQv3c1yqBWVHxkd0LHAkCOYz6TtxMaJqHtuBap2VMXpqQ8P/U1.O2;Y;Y;N;2025-05-10 18:29:39;\N;2026-04-30 09:35:45
0940021;094;SERGIO;ALBERTO;ESPINOSA;JAIMES;SAESPINOSAJ@UFPSO.EDU.CO;+573027254777;$2a$12$LQv3c1yqBWVHxkd0LHAkCOYz6TtxMaJqHtuBap2VMXpqQ8P/U1.O2;Y;Y;N;2023-11-14 13:48:47;\N;2026-03-09 20:17:03
0940022;094;FELIPE;\N;BARRERA;HOYOS;FBARRERAH@UFPSO.EDU.CO;+573502101048;$2a$12$LQv3c1yqBWVHxkd0LHAkCOYz6TtxMaJqHtuBap2VMXpqQ8P/U1.O2;Y;N;N;2024-11-26 10:30:45;\N;2026-01-14 21:39:23
0940023;094;PABLO;\N;PEREZ;FUENTES;PPEREZF@UFPSO.EDU.CO;+573201380679;$2a$12$LQv3c1yqBWVHxkd0LHAkCOYz6TtxMaJqHtuBap2VMXpqQ8P/U1.O2;Y;Y;N;2025-05-12 12:18:04;\N;2026-03-08 11:55:13
0940024;094;DIEGO;LUIS;ESPINOSA;LOZANO;DLESPINOSAL@UFPSO.EDU.CO;+573246635087;$2a$12$LQv3c1yqBWVHxkd0LHAkCOYz6TtxMaJqHtuBap2VMXpqQ8P/U1.O2;Y;Y;Y;2024-11-13 18:26:28;\N;2025-11-06 14:53:33
0940025;094;CAROLINA;\N;SUAREZ;RINCON;CSUAREZR@UFPSO.EDU.CO;+573046142132;$2a$12$LQv3c1yqBWVHxkd0LHAkCOYz6TtxMaJqHtuBap2VMXpqQ8P/U1.O2;Y;N;N;2023-10-06 22:37:42;\N;2026-02-22 21:19:36
0940026;094;NICOLAS;ANTONIO;JIMENEZ;FONSECA;NAJIMENEZF@UFPSO.EDU.CO;+573134058159;$2a$12$LQv3c1yqBWVHxkd0LHAkCOYz6TtxMaJqHtuBap2VMXpqQ8P/U1.O2;Y;Y;Y;2025-10-18 16:49:54;\N;2025-12-13 12:45:34
0940027;094;OSCAR;ALEJANDRO;RIVERA;SALCEDO;OARIVERAS@UFPSO.EDU.CO;+573153482092;$2a$12$LQv3c1yqBWVHxkd0LHAkCOYz6TtxMaJqHtuBap2VMXpqQ8P/U1.O2;Y;Y;Y;2024-03-01 08:20:36;\N;2026-03-24 08:42:20
0940028;094;MAURICIO;\N;ESPINOSA;NIETO;MESPINOSAN@UFPSO.EDU.CO;+573041072046;$2a$12$LQv3c1yqBWVHxkd0LHAkCOYz6TtxMaJqHtuBap2VMXpqQ8P/U1.O2;Y;N;N;2025-11-28 16:07:58;\N;2026-01-06 14:07:18
0940029;094;JENNIFER;\N;CONTRERAS;CANO;JCONTRERASC@UFPSO.EDU.CO;+573039035971;$2a$12$LQv3c1yqBWVHxkd0LHAkCOYz6TtxMaJqHtuBap2VMXpqQ8P/U1.O2;N;N;N;2023-09-28 22:57:18;\N;2023-12-11 20:19:02
0940030;094;DAVID;ALEJANDRO;FUENTES;JAIMES;DAFUENTESJ@UFPSO.EDU.CO;+573109832094;$2a$12$LQv3c1yqBWVHxkd0LHAkCOYz6TtxMaJqHtuBap2VMXpqQ8P/U1.O2;N;N;N;2026-03-12 07:25:39;\N;2026-04-02 16:04:20
0940031;094;SEBASTIAN;ANTONIO;DIAZ;BARRERA;SADIAZB@UFPSO.EDU.CO;+573239582482;$2a$12$LQv3c1yqBWVHxkd0LHAkCOYz6TtxMaJqHtuBap2VMXpqQ8P/U1.O2;N;N;N;2024-08-05 21:43:42;\N;2024-09-25 20:04:20
0940032;094;FABIAN;JAVIER;GUERRERO;MORA;FJGUERREROM@UFPSO.EDU.CO;+573187972774;$2a$12$LQv3c1yqBWVHxkd0LHAkCOYz6TtxMaJqHtuBap2VMXpqQ8P/U1.O2;Y;Y;Y;2023-11-01 18:24:23;\N;2026-02-23 09:13:46
0940033;094;FERNANDA;FERNEY;RIVERA;CARDENAS;FFRIVERAC@UFPSO.EDU.CO;+573227304414;$2a$12$LQv3c1yqBWVHxkd0LHAkCOYz6TtxMaJqHtuBap2VMXpqQ8P/U1.O2;Y;Y;Y;2025-10-29 11:53:37;\N;2026-03-15 17:04:59
0940034;094;HECTOR;JOSE;DELGADO;QUEVEDO;HJDELGADOQ@UFPSO.EDU.CO;+573139230660;$2a$12$LQv3c1yqBWVHxkd0LHAkCOYz6TtxMaJqHtuBap2VMXpqQ8P/U1.O2;Y;Y;N;2024-09-22 20:11:35;\N;2025-12-22 12:53:24
0940035;094;DAVID;FERNEY;VARGAS;GUZMAN;DFVARGASG@UFPSO.EDU.CO;+573505826621;$2a$12$LQv3c1yqBWVHxkd0LHAkCOYz6TtxMaJqHtuBap2VMXpqQ8P/U1.O2;Y;Y;N;2023-06-13 14:01:50;\N;2026-04-12 22:07:41
0940036;094;CAROLINA;CAMILO;BARRERA;RINCON;CCBARRERAR@UFPSO.EDU.CO;+573228316015;$2a$12$LQv3c1yqBWVHxkd0LHAkCOYz6TtxMaJqHtuBap2VMXpqQ8P/U1.O2;Y;N;N;2025-04-04 07:07:48;\N;2025-11-18 18:37:30
0940037;094;WILLIAM;\N;RAMIREZ;ESCOBAR;WRAMIREZE@UFPSO.EDU.CO;+573015574649;$2a$12$LQv3c1yqBWVHxkd0LHAkCOYz6TtxMaJqHtuBap2VMXpqQ8P/U1.O2;Y;Y;Y;2025-06-12 07:54:16;\N;2026-04-27 11:22:10
0940038;094;MAURICIO;LUIS;MENDOZA;DUARTE;MLMENDOZAD@UFPSO.EDU.CO;+573056412444;$2a$12$LQv3c1yqBWVHxkd0LHAkCOYz6TtxMaJqHtuBap2VMXpqQ8P/U1.O2;N;N;N;2025-04-16 16:33:40;\N;2025-07-24 03:12:28
0940039;094;CAMILO;FERNEY;MEDINA;TORO;CFMEDINAT@UFPSO.EDU.CO;+573176709506;$2a$12$LQv3c1yqBWVHxkd0LHAkCOYz6TtxMaJqHtuBap2VMXpqQ8P/U1.O2;Y;Y;Y;2023-10-15 10:34:37;\N;2026-01-12 18:49:31
0940040;094;NICOLAS;FELIPE;MORALES;MORA;NFMORALESM@UFPSO.EDU.CO;+573022955647;$2a$12$LQv3c1yqBWVHxkd0LHAkCOYz6TtxMaJqHtuBap2VMXpqQ8P/U1.O2;Y;Y;N;2025-06-09 14:53:12;\N;2026-03-15 10:26:29
0940041;094;LUIS;JOSE;ACOSTA;DURAN;LJACOSTAD@UFPSO.EDU.CO;+573131482504;$2a$12$LQv3c1yqBWVHxkd0LHAkCOYz6TtxMaJqHtuBap2VMXpqQ8P/U1.O2;Y;N;N;2023-10-02 18:08:52;\N;2026-03-14 17:11:45
0940042;094;JENNIFER;FELIPE;JIMENEZ;LOZANO;JFJIMENEZL@UFPSO.EDU.CO;+573198235132;$2a$12$LQv3c1yqBWVHxkd0LHAkCOYz6TtxMaJqHtuBap2VMXpqQ8P/U1.O2;Y;N;N;2024-03-08 14:19:08;\N;2026-02-17 10:04:01
0940043;094;DAVID;SERGIO;SANCHEZ;CONTRERAS;DSSANCHEZC@UFPSO.EDU.CO;+573131172342;$2a$12$LQv3c1yqBWVHxkd0LHAkCOYz6TtxMaJqHtuBap2VMXpqQ8P/U1.O2;N;N;N;2024-06-11 08:30:07;\N;\N
0940044;094;LINA;FELIPE;RAMIREZ;OSORIO;LFRAMIREZO@UFPSO.EDU.CO;+573205057108;$2a$12$LQv3c1yqBWVHxkd0LHAkCOYz6TtxMaJqHtuBap2VMXpqQ8P/U1.O2;Y;Y;N;2023-09-05 13:11:42;\N;2026-01-11 18:22:10
0940045;094;JULIANA;\N;GONZALEZ;IBARRA;JGONZALEZI@UFPSO.EDU.CO;+573109458992;$2a$12$LQv3c1yqBWVHxkd0LHAkCOYz6TtxMaJqHtuBap2VMXpqQ8P/U1.O2;Y;N;N;2024-06-28 07:33:13;\N;2025-12-14 07:46:06
0940046;094;MONICA;\N;SILVA;NARANJO;MSILVAN@UFPSO.EDU.CO;+573143073922;$2a$12$LQv3c1yqBWVHxkd0LHAkCOYz6TtxMaJqHtuBap2VMXpqQ8P/U1.O2;Y;Y;Y;2025-08-31 21:43:06;\N;2025-12-25 14:26:07
0940047;094;GLORIA;FELIPE;DUARTE;LOZANO;GFDUARTEL@UFPSO.EDU.CO;+573236234607;$2a$12$LQv3c1yqBWVHxkd0LHAkCOYz6TtxMaJqHtuBap2VMXpqQ8P/U1.O2;Y;Y;Y;2024-11-18 18:45:18;\N;2025-11-30 19:18:29
0940048;094;VIVIANA;\N;JIMENEZ;LEAL;VJIMENEZL@UFPSO.EDU.CO;+573509248490;$2a$12$LQv3c1yqBWVHxkd0LHAkCOYz6TtxMaJqHtuBap2VMXpqQ8P/U1.O2;Y;Y;N;2024-05-15 16:54:27;\N;2026-03-02 18:11:00
0940049;094;VIVIANA;FELIPE;GUERRERO;DAVILA;VFGUERREROD@UFPSO.EDU.CO;+573144359863;$2a$12$LQv3c1yqBWVHxkd0LHAkCOYz6TtxMaJqHtuBap2VMXpqQ8P/U1.O2;Y;Y;N;2026-04-08 09:07:09;\N;2026-04-19 18:30:21
0940050;094;PATRICIA;ANDRES;RAMIREZ;RESTREPO;PARAMIREZR@UFPSO.EDU.CO;+573507785437;$2a$12$LQv3c1yqBWVHxkd0LHAkCOYz6TtxMaJqHtuBap2VMXpqQ8P/U1.O2;Y;Y;N;2026-05-19 20:46:31;\N;2026-05-23 16:09:01
0950001;095;ISABEL;\N;MEDINA;MORA;IMEDINAM@UFPSO.EDU.CO;+573029357316;$2a$12$LQv3c1yqBWVHxkd0LHAkCOYz6TtxMaJqHtuBap2VMXpqQ8P/U1.O2;Y;Y;N;2023-06-11 10:07:16;\N;2025-11-08 10:47:03
0950002;095;VIVIANA;JOSE;GOMEZ;FRANCO;VJGOMEZF@UFPSO.EDU.CO;+573105925168;$2a$12$LQv3c1yqBWVHxkd0LHAkCOYz6TtxMaJqHtuBap2VMXpqQ8P/U1.O2;Y;N;N;2025-10-06 11:19:39;\N;2026-04-19 22:50:29
0950003;095;PAOLA;\N;BARRERA;HOYOS;PBARRERAH@UFPSO.EDU.CO;+573147313879;$2a$12$LQv3c1yqBWVHxkd0LHAkCOYz6TtxMaJqHtuBap2VMXpqQ8P/U1.O2;Y;Y;N;2023-09-19 17:51:55;\N;2026-02-19 10:24:28
0950004;095;FERNANDA;\N;MARTINEZ;CONTRERAS;FMARTINEZC@UFPSO.EDU.CO;+573229230125;$2a$12$LQv3c1yqBWVHxkd0LHAkCOYz6TtxMaJqHtuBap2VMXpqQ8P/U1.O2;Y;Y;Y;2025-08-29 16:56:45;\N;2026-02-08 22:48:07
0950005;095;PAOLA;\N;ESPINOSA;MONTOYA;PESPINOSAM@UFPSO.EDU.CO;+573155772070;$2a$12$LQv3c1yqBWVHxkd0LHAkCOYz6TtxMaJqHtuBap2VMXpqQ8P/U1.O2;Y;Y;Y;2026-04-02 22:35:54;\N;2026-05-11 18:15:37
0950006;095;CAMILO;MARIA;RODRIGUEZ;NARANJO;CMRODRIGUEZN@UFPSO.EDU.CO;+573176790539;$2a$12$LQv3c1yqBWVHxkd0LHAkCOYz6TtxMaJqHtuBap2VMXpqQ8P/U1.O2;Y;N;N;2024-02-12 11:53:23;\N;2025-11-07 17:24:06
0950007;095;FELIPE;LUIS;MENDOZA;DUARTE;FLMENDOZAD@UFPSO.EDU.CO;+573006471332;$2a$12$LQv3c1yqBWVHxkd0LHAkCOYz6TtxMaJqHtuBap2VMXpqQ8P/U1.O2;Y;Y;N;2025-04-04 14:15:41;\N;2026-01-18 10:21:10
0950008;095;DAVID;\N;NAVARRO;MONTOYA;DNAVARROM@UFPSO.EDU.CO;+573039193298;$2a$12$LQv3c1yqBWVHxkd0LHAkCOYz6TtxMaJqHtuBap2VMXpqQ8P/U1.O2;Y;Y;N;2023-11-23 20:17:01;\N;2026-02-05 19:20:36
0950009;095;IVAN;SERGIO;SUAREZ;GUZMAN;ISSUAREZG@UFPSO.EDU.CO;+573029989803;$2a$12$LQv3c1yqBWVHxkd0LHAkCOYz6TtxMaJqHtuBap2VMXpqQ8P/U1.O2;Y;N;N;2025-06-09 17:10:39;\N;2025-12-22 22:40:54
0950010;095;RICARDO;FERNEY;HERRERA;DUARTE;RFHERRERAD@UFPSO.EDU.CO;+573122128599;$2a$12$LQv3c1yqBWVHxkd0LHAkCOYz6TtxMaJqHtuBap2VMXpqQ8P/U1.O2;Y;N;N;2023-05-02 19:51:14;\N;2026-05-03 10:37:21
0950011;095;NATALIA;\N;ACOSTA;CARDENAS;NACOSTAC@UFPSO.EDU.CO;+573165215523;$2a$12$LQv3c1yqBWVHxkd0LHAkCOYz6TtxMaJqHtuBap2VMXpqQ8P/U1.O2;Y;Y;N;2023-04-09 18:50:04;\N;2026-02-19 17:12:26
0950012;095;VALENTINA;\N;ROMERO;SERRANO;VROMEROS@UFPSO.EDU.CO;+573185495219;$2a$12$LQv3c1yqBWVHxkd0LHAkCOYz6TtxMaJqHtuBap2VMXpqQ8P/U1.O2;Y;Y;Y;2025-06-21 12:56:01;\N;2026-03-08 13:42:52
0950013;095;XIMENA;\N;NAVARRO;MONTOYA;XNAVARROM@UFPSO.EDU.CO;+573024415137;$2a$12$LQv3c1yqBWVHxkd0LHAkCOYz6TtxMaJqHtuBap2VMXpqQ8P/U1.O2;Y;Y;N;2023-07-30 13:23:29;\N;2026-01-16 20:26:20
0950014;095;CAROLINA;ANTONIO;CASTRO;RINCON;CACASTROR@UFPSO.EDU.CO;+573138787307;$2a$12$LQv3c1yqBWVHxkd0LHAkCOYz6TtxMaJqHtuBap2VMXpqQ8P/U1.O2;Y;Y;Y;2024-08-25 15:43:38;\N;2025-11-08 14:51:52
0950015;095;ISABEL;\N;NAVARRO;CARDENAS;INAVARROC@UFPSO.EDU.CO;+573019151075;$2a$12$LQv3c1yqBWVHxkd0LHAkCOYz6TtxMaJqHtuBap2VMXpqQ8P/U1.O2;Y;Y;N;2024-02-10 13:10:17;\N;2026-04-18 12:41:54
0950016;095;CARLOS;MARIA;PEREZ;BERNAL;CMPEREZB@UFPSO.EDU.CO;+573229392777;$2a$12$LQv3c1yqBWVHxkd0LHAkCOYz6TtxMaJqHtuBap2VMXpqQ8P/U1.O2;N;N;N;2025-09-29 09:57:26;\N;2025-10-25 21:12:33
0950017;095;JORGE;\N;DUARTE;TARAZONA;JDUARTET@UFPSO.EDU.CO;+573118094564;$2a$12$LQv3c1yqBWVHxkd0LHAkCOYz6TtxMaJqHtuBap2VMXpqQ8P/U1.O2;Y;N;N;2025-11-19 09:15:38;\N;2026-02-13 05:07:25
0950018;095;RICARDO;ALEJANDRO;SANCHEZ;OCAMPO;RASANCHEZO@UFPSO.EDU.CO;+573178966730;$2a$12$LQv3c1yqBWVHxkd0LHAkCOYz6TtxMaJqHtuBap2VMXpqQ8P/U1.O2;Y;Y;Y;2024-09-07 15:28:26;\N;2026-02-04 10:20:34
0950019;095;VIVIANA;ALBERTO;MEDINA;MORA;VAMEDINAM@UFPSO.EDU.CO;+573231584005;$2a$12$LQv3c1yqBWVHxkd0LHAkCOYz6TtxMaJqHtuBap2VMXpqQ8P/U1.O2;N;N;N;2024-10-15 22:45:23;\N;\N
0950020;095;JENNIFER;MARIA;RUIZ;TARAZONA;JMRUIZT@UFPSO.EDU.CO;+573161131971;$2a$12$LQv3c1yqBWVHxkd0LHAkCOYz6TtxMaJqHtuBap2VMXpqQ8P/U1.O2;Y;N;N;2025-10-21 16:40:44;\N;2025-12-02 14:54:28
0950021;095;ANDREA;ANTONIO;VARGAS;FUENTES;AAVARGASF@UFPSO.EDU.CO;+573122343763;$2a$12$LQv3c1yqBWVHxkd0LHAkCOYz6TtxMaJqHtuBap2VMXpqQ8P/U1.O2;N;N;N;2024-04-01 16:13:55;\N;2024-09-14 13:03:57
0950022;095;JOHANNA;\N;ACOSTA;BECERRA;JACOSTAB@UFPSO.EDU.CO;+573236482263;$2a$12$LQv3c1yqBWVHxkd0LHAkCOYz6TtxMaJqHtuBap2VMXpqQ8P/U1.O2;N;N;N;2024-10-08 20:56:58;\N;2025-02-16 06:19:24
0950023;095;GLORIA;JOSE;LOPEZ;RINCON;GJLOPEZR@UFPSO.EDU.CO;+573119663182;$2a$12$LQv3c1yqBWVHxkd0LHAkCOYz6TtxMaJqHtuBap2VMXpqQ8P/U1.O2;Y;Y;N;2023-04-03 21:50:41;\N;2026-01-20 09:07:10
0950024;095;MONICA;ALEJANDRO;DELGADO;BERNAL;MADELGADOB@UFPSO.EDU.CO;+573177167297;$2a$12$LQv3c1yqBWVHxkd0LHAkCOYz6TtxMaJqHtuBap2VMXpqQ8P/U1.O2;Y;Y;N;2024-05-26 22:55:47;\N;2026-01-23 16:12:05
0950025;095;OSCAR;ANDRES;ORTEGA;MONTOYA;OAORTEGAM@UFPSO.EDU.CO;+573513831255;$2a$12$LQv3c1yqBWVHxkd0LHAkCOYz6TtxMaJqHtuBap2VMXpqQ8P/U1.O2;Y;Y;Y;2026-03-01 07:01:59;\N;2026-03-14 04:14:15
0950026;095;FABIAN;ANDRES;NAVARRO;OSORIO;FANAVARROO@UFPSO.EDU.CO;+573189290445;$2a$12$LQv3c1yqBWVHxkd0LHAkCOYz6TtxMaJqHtuBap2VMXpqQ8P/U1.O2;Y;Y;Y;2023-04-22 11:05:23;\N;2026-03-15 20:49:58
0950027;095;JORGE;ALBERTO;MORALES;PRADA;JAMORALESP@UFPSO.EDU.CO;+573108018429;$2a$12$LQv3c1yqBWVHxkd0LHAkCOYz6TtxMaJqHtuBap2VMXpqQ8P/U1.O2;Y;Y;Y;2024-09-21 16:47:31;\N;2025-12-26 16:46:43
0950028;095;OSCAR;LUIS;FLORES;BARRERA;OLFLORESB@UFPSO.EDU.CO;+573193234807;$2a$12$LQv3c1yqBWVHxkd0LHAkCOYz6TtxMaJqHtuBap2VMXpqQ8P/U1.O2;Y;Y;N;2024-04-15 15:15:39;\N;2026-04-15 21:05:00
0950029;095;CAMILO;ANDRES;MORALES;FRANCO;CAMORALESF@UFPSO.EDU.CO;+573231763562;$2a$12$LQv3c1yqBWVHxkd0LHAkCOYz6TtxMaJqHtuBap2VMXpqQ8P/U1.O2;Y;Y;N;2025-05-20 15:04:06;\N;2026-03-01 18:38:42
0950030;095;ANDRES;ANTONIO;CONTRERAS;PACHECO;AACONTRERASP@UFPSO.EDU.CO;+573123849886;$2a$12$LQv3c1yqBWVHxkd0LHAkCOYz6TtxMaJqHtuBap2VMXpqQ8P/U1.O2;Y;N;N;2023-05-23 16:25:42;\N;2026-03-24 08:37:11
0950031;095;JULIANA;\N;SUAREZ;ECHEVERRI;JSUAREZE@UFPSO.EDU.CO;+573127049733;$2a$12$LQv3c1yqBWVHxkd0LHAkCOYz6TtxMaJqHtuBap2VMXpqQ8P/U1.O2;Y;Y;Y;2025-08-17 09:20:45;\N;2025-11-12 11:31:55
0950032;095;DIANA;FERNEY;HERRERA;PACHECO;DFHERRERAP@UFPSO.EDU.CO;+573508381800;$2a$12$LQv3c1yqBWVHxkd0LHAkCOYz6TtxMaJqHtuBap2VMXpqQ8P/U1.O2;Y;N;N;2023-09-20 17:27:57;\N;2026-03-06 11:35:54
0950033;095;FABIAN;SERGIO;FLORES;DUARTE;FSFLORESD@UFPSO.EDU.CO;+573519140297;$2a$12$LQv3c1yqBWVHxkd0LHAkCOYz6TtxMaJqHtuBap2VMXpqQ8P/U1.O2;Y;Y;Y;2024-09-11 12:02:30;\N;2026-03-07 08:28:22
0950034;095;GLORIA;\N;RAMIREZ;MORA;GRAMIREZM@UFPSO.EDU.CO;+573059535203;$2a$12$LQv3c1yqBWVHxkd0LHAkCOYz6TtxMaJqHtuBap2VMXpqQ8P/U1.O2;N;N;N;2024-03-03 18:05:13;\N;\N
0950035;095;ALEJANDRO;\N;MORALES;NARANJO;AMORALESN@UFPSO.EDU.CO;+573005769447;$2a$12$LQv3c1yqBWVHxkd0LHAkCOYz6TtxMaJqHtuBap2VMXpqQ8P/U1.O2;Y;N;N;2025-07-16 12:26:58;\N;2026-04-23 10:56:21
0950036;095;VIVIANA;FELIPE;GUERRERO;ESCOBAR;VFGUERREROE@UFPSO.EDU.CO;+573121097397;$2a$12$LQv3c1yqBWVHxkd0LHAkCOYz6TtxMaJqHtuBap2VMXpqQ8P/U1.O2;Y;N;N;2024-02-28 17:09:01;\N;2026-04-18 22:29:40
0950037;095;SERGIO;MARIA;MOLINA;BERNAL;SMMOLINAB@UFPSO.EDU.CO;+573012186553;$2a$12$LQv3c1yqBWVHxkd0LHAkCOYz6TtxMaJqHtuBap2VMXpqQ8P/U1.O2;N;N;N;2023-03-20 13:55:03;\N;\N
0950038;095;MARIA;\N;ORTEGA;FUENTES;MORTEGAF@UFPSO.EDU.CO;+573165780430;$2a$12$LQv3c1yqBWVHxkd0LHAkCOYz6TtxMaJqHtuBap2VMXpqQ8P/U1.O2;N;N;N;2024-05-13 15:11:15;\N;2024-05-16 04:21:39
0950039;095;LEIDY;ALEJANDRO;RAMIREZ;WILCHES;LARAMIREZW@UFPSO.EDU.CO;+573204353283;$2a$12$LQv3c1yqBWVHxkd0LHAkCOYz6TtxMaJqHtuBap2VMXpqQ8P/U1.O2;N;N;N;2023-06-20 20:47:51;\N;2023-08-06 07:41:14
0950040;095;ISABEL;\N;ORTEGA;FONSECA;IORTEGAF@UFPSO.EDU.CO;+573206733527;$2a$12$LQv3c1yqBWVHxkd0LHAkCOYz6TtxMaJqHtuBap2VMXpqQ8P/U1.O2;Y;Y;Y;2023-04-24 20:05:48;\N;2026-04-11 20:05:02
0950041;095;GLORIA;ALBERTO;FLORES;GUZMAN;GAFLORESG@UFPSO.EDU.CO;+573506040020;$2a$12$LQv3c1yqBWVHxkd0LHAkCOYz6TtxMaJqHtuBap2VMXpqQ8P/U1.O2;Y;N;N;2024-06-14 09:18:29;\N;2026-03-03 16:09:08
0950042;095;TOMAS;\N;NAVARRO;VEGA;TNAVARROV@UFPSO.EDU.CO;+573505251016;$2a$12$LQv3c1yqBWVHxkd0LHAkCOYz6TtxMaJqHtuBap2VMXpqQ8P/U1.O2;N;N;N;2025-06-26 08:35:04;\N;2026-01-31 04:41:33
0950043;095;FELIPE;ANTONIO;PEREZ;HOYOS;FAPEREZH@UFPSO.EDU.CO;+573175993696;$2a$12$LQv3c1yqBWVHxkd0LHAkCOYz6TtxMaJqHtuBap2VMXpqQ8P/U1.O2;Y;N;N;2026-02-03 10:47:42;\N;2026-05-23 05:49:47
0950044;095;CAMILO;\N;ROMERO;SERRANO;CROMEROS@UFPSO.EDU.CO;+573052312322;$2a$12$LQv3c1yqBWVHxkd0LHAkCOYz6TtxMaJqHtuBap2VMXpqQ8P/U1.O2;N;N;N;2023-11-07 15:21:58;\N;\N
0950045;095;JENNIFER;\N;HERRERA;TORO;JHERRERAT@UFPSO.EDU.CO;+573509165848;$2a$12$LQv3c1yqBWVHxkd0LHAkCOYz6TtxMaJqHtuBap2VMXpqQ8P/U1.O2;Y;Y;Y;2023-03-14 20:34:01;\N;2026-03-03 21:44:25
0950046;095;JUAN;\N;SILVA;TORO;JSILVAT@UFPSO.EDU.CO;+573109071807;$2a$12$LQv3c1yqBWVHxkd0LHAkCOYz6TtxMaJqHtuBap2VMXpqQ8P/U1.O2;Y;Y;N;2024-05-12 16:05:08;\N;2026-04-28 13:54:01
0950047;095;LEIDY;ALEJANDRO;RUIZ;CARDENAS;LARUIZC@UFPSO.EDU.CO;+573518470322;$2a$12$LQv3c1yqBWVHxkd0LHAkCOYz6TtxMaJqHtuBap2VMXpqQ8P/U1.O2;Y;Y;Y;2024-06-17 13:05:19;\N;2025-11-30 12:57:09
0950048;095;ISABEL;\N;RODRIGUEZ;DAVILA;IRODRIGUEZD@UFPSO.EDU.CO;+573248244199;$2a$12$LQv3c1yqBWVHxkd0LHAkCOYz6TtxMaJqHtuBap2VMXpqQ8P/U1.O2;Y;N;N;2024-06-29 14:12:18;\N;2025-11-14 17:00:06
0950049;095;CAROLINA;\N;FUENTES;VEGA;CFUENTESV@UFPSO.EDU.CO;+573019863551;$2a$12$LQv3c1yqBWVHxkd0LHAkCOYz6TtxMaJqHtuBap2VMXpqQ8P/U1.O2;Y;N;N;2025-02-10 22:25:31;\N;2026-04-23 22:14:45
0950050;095;CARLOS;LUIS;IBARRA;BERNAL;CLIBARRAB@UFPSO.EDU.CO;+573171349082;$2a$12$LQv3c1yqBWVHxkd0LHAkCOYz6TtxMaJqHtuBap2VMXpqQ8P/U1.O2;Y;Y;Y;2023-07-31 15:57:41;\N;2026-04-15 18:28:44
0192250;019;ANDRES;FELIPE;GOMEZ;VERJEL;AFGOMEZV@UFPSO.EDU.CO;+573142250192;$2a$12$LQv3c1yqBWVHxkd0LHAkCOYz6TtxMaJqHtuBap2VMXpqQ8P/U1.O2;Y;Y;Y;2023-02-20 09:00:00;\N;2026-05-23 10:30:00
0192270;019;FABIAN;EDUARDO;ROJAS;PALLARES;FEROJASP@UFPSO.EDU.CO;+573142270192;$2a$12$LQv3c1yqBWVHxkd0LHAkCOYz6TtxMaJqHtuBap2VMXpqQ8P/U1.O2;Y;Y;Y;2023-02-20 09:00:00;\N;2026-05-23 11:15:00